"","ID_3447772","ID_208570","ID_382069","ID_283867","ID_915065","ID_2625724","ID_515054","ID_3357219","ID_625159","ID_2794732","ID_245276","ID_562076","ID_268677","ID_3337097","ID_827560","ID_596277","ID_3122828","ID_146056","ID_1157415","ID_209362","ID_1945247","ID_98717","ID_2736291","ID_935308","ID_609467","ID_497954","ID_3690635","ID_322850","ID_725732","ID_254849","ID_55635","ID_842460","ID_1002430","ID_3402913","ID_657365","ID_163857","ID_1001152","ID_2877840","ID_2360904","ID_711472","ID_867632","ID_996260","ID_837037","ID_2396592","ID_3547896","ID_567905","ID_3049729","ID_722227","ID_2496081","ID_815754","ID_3394380","ID_299868","ID_71859","ID_595869","ID_186856","ID_651121","ID_2942823","ID_218261","ID_4184186","ID_853251","ID_2297998","ID_956750","ID_1493319","ID_365745","ID_536527","ID_283438","ID_197478","ID_285759","ID_3109146","ID_3146150","ID_3561771","ID_3488980","ID_578237","ID_2694681","ID_2857794","ID_3546862","ID_3482045","ID_3468450","ID_518877","ID_897170","ID_3487947","ID_364270","ID_70218","ID_536059","ID_3832127","ID_664653","ID_524766","ID_2785477","ID_790534","ID_534466","ID_370833","ID_3470154","ID_49858","ID_3835454","ID_50461","ID_762773","ID_3216316","ID_1918344","ID_800853","ID_3650442","ID_533124","ID_3369959","ID_3390337","ID_3386264","ID_64552","ID_221775","ID_2332910","ID_1462986","ID_230759","ID_564557","ID_3296859","ID_779968","ID_680130","ID_3437456","ID_3212402","ID_510871","ID_519360","ID_3286999","ID_3388165","ID_2006024","ID_206772","ID_539452","ID_3189063","ID_3143805","ID_2833882","ID_671464","ID_2791085","ID_3076284","ID_2877484","ID_1169650","ID_26176","ID_609609","ID_940311","ID_804860","ID_3447875","ID_3623110","ID_3374878","ID_2354387","ID_3472859","ID_296456","ID_332224","ID_396253","ID_1972298","ID_777366","ID_663834","ID_300063","ID_250476","ID_2329200","ID_1852569","ID_2533043","ID_3346633","ID_716413","ID_816210","ID_3626184","ID_3645840","ID_980951"
"1",NA,NA,17019,8447,26304,8215,12988,NA,19397,2032,130605,NA,NA,NA,47092,NA,NA,2647,10371,3002,6709,13216,365749,9698,13045,2532,NA,13077,36194,7756,3521,25848,19770,NA,87423,7588,294321,6230,3661,97266,16207,136621,13212,2267,NA,12084,NA,7355,6569,4197,NA,23540,616,202068,3023,13380,NA,4117,NA,4164,15137,2752,NA,5661,18448,12010,191201,5960,NA,NA,NA,NA,2842,14636,5691,NA,NA,NA,NA,NA,NA,NA,7373,36558,NA,1382,2579,3229,28706,5319,1504,NA,2544,NA,13314,NA,NA,52892,8338,NA,10702,NA,NA,NA,603,NA,30829,6550,44562,10348,NA,11957,20914,NA,NA,359543,4429,NA,NA,6628,9155,5767,NA,NA,5831,45065,5936,NA,9601,11845,NA,13709,1222000,7962,NA,NA,NA,7689,NA,6525,16956,6760,6231,31984,247978,16931,NA,5520,8688,3255,NA,153994,549245,NA,NA,7058
"2",NA,NA,17783,8785,25937,8344,13167,NA,20209,2078,115301,NA,NA,NA,48035,NA,NA,2712,10744,3037,6710,13427,369717,13991,13175,2601,NA,13078,37502,8232,3569,26965,20255,NA,91747,7770,296899,6237,3800,97323,14376,142086,13626,2350,NA,11091,NA,7392,6615,4303,NA,23784,619,210329,3092,13568,6154,4241,NA,4235,15519,3912,NA,5790,19201,12383,206128,6094,NA,NA,NA,NA,2869,14811,5675,NA,NA,NA,NA,NA,NA,NA,7574,37104,NA,1402,2523,2901,30025,5452,1344,NA,2590,NA,13664,NA,NA,53104,8095,NA,11249,NA,NA,NA,591,NA,31107,6563,44284,11484,NA,12257,21475,NA,NA,452112,4519,NA,NA,6837,9234,5842,NA,NA,5983,47105,6871,NA,9703,12263,NA,14034,1259000,8127,NA,NA,NA,7955,NA,6758,16595,6692,6368,32178,257071,17234,NA,5695,8838,3998,NA,156303,556383,NA,NA,7411
"3",NA,NA,18739,9021,26046,8503,13044,NA,21135,2107,118984,NA,NA,NA,46997,NA,NA,2749,10899,3094,6481,13689,375873,14447,13269,2742,NA,13122,39340,11077,3871,27947,20889,NA,96482,7949,309728,6292,3937,97771,17004,148029,13859,2425,NA,11421,9497,7261,6667,4655,NA,23930,610,214623,3432,13925,5586,4260,NA,4244,15199,3997,NA,6085,19555,15691,216123,6258,NA,NA,NA,NA,2921,15057,5714,NA,NA,NA,NA,NA,NA,NA,7737,36745,NA,1394,2572,2619,31069,5616,1313,NA,2648,NA,13995,NA,NA,55137,8296,NA,11744,NA,NA,NA,607,NA,31352,6588,46630,14315,NA,12394,21141,NA,NA,466284,4575,NA,NA,6987,9284,6060,NA,NA,7536,49282,6818,NA,9805,12704,NA,14314,1294000,8269,NA,NA,NA,8130,NA,6990,16740,7021,6547,32586,255189,17512,NA,5878,9028,4327,NA,159648,565895,NA,NA,7822
"4",NA,NA,19737,9330,25770,8536,13430,NA,20034,2667,128462,NA,NA,NA,49853,NA,NA,2579,10947,3096,6051,14141,393466,16338,9986,2774,NA,9474,40359,11298,3916,29211,21154,NA,100345,8129,336486,6304,4061,80155,16267,154412,14057,2285,NA,12769,9153,6816,6257,4696,NA,24578,634,224259,3411,14185,5205,4401,NA,4430,15600,3893,NA,6063,20313,16334,228691,5889,NA,NA,NA,NA,3014,15311,5972,NA,NA,NA,NA,NA,NA,NA,7885,36128,NA,8031,2604,3106,29041,5797,1512,NA,2739,NA,14326,NA,NA,57032,8248,NA,11977,NA,NA,NA,604,NA,31388,6628,40822,15556,NA,12504,22106,NA,NA,481762,4656,NA,NA,6852,9451,5088,NA,NA,7682,51151,6826,5989,9940,13005,NA,14752,1182000,7852,NA,NA,NA,8490,NA,7112,17011,7301,6448,32200,259118,17864,NA,6106,8686,4382,NA,161400,566139,NA,NA,7547
"5",NA,NA,18893,9628,26162,8700,13430,NA,21636,2720,138872,NA,NA,NA,50553,NA,NA,2633,11467,3119,5880,14473,398950,16693,10150,2893,NA,9833,41148,11800,4025,33116,21626,NA,104494,8188,347233,6239,4219,82889,16183,159870,14244,2363,NA,13309,8947,6835,6193,4944,NA,24871,634,230619,3530,14526,4859,4957,NA,4425,16186,3860,NA,5982,20926,16797,239502,6048,NA,NA,NA,NA,3107,15773,5882,NA,NA,NA,NA,NA,NA,NA,7998,36751,NA,7670,2646,3395,31614,6023,2047,NA,2839,NA,13742,NA,NA,58762,8730,NA,12322,NA,NA,NA,2770,NA,31285,6645,43318,17261,NA,10198,21564,NA,NA,489828,4717,NA,NA,7459,9581,5388,NA,NA,7988,53072,6892,5577,10016,12565,NA,15033,1219000,8092,NA,NA,NA,8713,NA,7231,17090,7710,6647,34317,265677,18326,NA,6301,8819,4444,NA,161459,578240,NA,NA,7548
"6",NA,NA,20283,10198,26964,8933,13423,NA,23392,2784,146785,NA,NA,NA,49938,NA,6324,2684,11576,3082,5861,14332,420573,16214,10316,2952,NA,9630,41656,12264,4167,39649,21758,NA,107547,8492,366375,6281,4296,83023,16278,162010,14470,2429,NA,13655,8824,6902,6220,5033,NA,25335,645,242908,3606,14750,4475,4803,NA,4433,16097,3830,NA,6131,21344,17414,250633,6181,6382,NA,NA,NA,3128,15929,5891,NA,NA,NA,NA,NA,NA,NA,8197,37485,NA,7229,2694,3233,32869,6207,1941,NA,2920,NA,13200,NA,NA,58989,8488,NA,11886,NA,NA,NA,2717,NA,31415,6596,45916,16483,NA,9592,22129,NA,NA,506403,4791,NA,NA,7696,9782,5438,NA,NA,8252,55377,6935,5207,10168,13103,NA,15486,1117000,8254,NA,NA,NA,8921,NA,7517,17033,8113,6845,36408,310120,18937,NA,6534,9064,4465,NA,164047,581188,NA,NA,7945
"7",NA,NA,23571,10563,27032,9195,13613,NA,25425,2857,158932,NA,NA,NA,48535,NA,6186,2732,12192,3014,6112,14537,427626,18341,9829,2961,NA,10051,43254,12656,4308,41902,22058,NA,112743,8589,397799,6420,5481,82550,17220,168271,14698,2414,NA,14147,8853,7024,6306,5371,NA,25840,657,253429,3708,15242,4124,4869,NA,4430,16944,3942,NA,6302,21704,17833,259237,6309,6288,NA,NA,NA,3230,16062,6618,NA,NA,NA,NA,NA,NA,NA,8113,38073,NA,6426,2711,3260,33412,6378,1942,NA,2952,NA,13143,NA,NA,61139,8544,NA,12249,NA,NA,NA,2645,NA,31650,6646,49045,18072,NA,9439,27042,NA,NA,622362,4871,NA,NA,8228,10000,5376,NA,NA,8771,59904,6968,5042,10591,13502,NA,15825,1233000,8422,NA,NA,NA,9598,NA,7790,17156,8403,7007,36663,323509,19576,NA,6791,9161,4515,NA,166737,572172,NA,NA,8360
"8",NA,NA,25203,10954,27249,9359,13845,NA,27451,2803,164437,NA,NA,NA,51640,NA,6207,2573,11744,3032,6037,15150,436264,22007,9578,3047,NA,9734,40565,13046,4436,43233,22374,NA,117645,9014,409373,6548,5701,79972,17196,175048,14908,2419,NA,16531,8810,6804,5804,5299,NA,26314,649,262874,3644,15540,4489,4807,NA,4702,16662,4069,NA,6138,21976,18958,278256,6042,6496,29067,NA,NA,3406,15725,6633,NA,NA,NA,NA,NA,NA,NA,8112,38267,NA,5366,2683,3241,35295,6605,1904,NA,3030,NA,13416,NA,NA,59620,8485,NA,12332,NA,NA,NA,2771,NA,31826,6662,52095,19989,NA,14591,27775,NA,NA,632478,4991,NA,NA,8241,10166,5419,NA,5991,9322,63394,7028,6200,10471,13818,NA,12751,1255000,7913,NA,NA,NA,10414,NA,7865,17257,8442,7081,37738,323782,19761,NA,7000,9230,4676,NA,166632,547970,NA,NA,8343
"9",NA,NA,26885,11378,27705,12735,14012,NA,29386,2833,209016,NA,NA,NA,39258,NA,6242,2620,12666,2974,5935,15421,444700,23098,8925,2974,NA,9908,41571,13277,4549,45656,22717,NA,121933,9142,429652,6610,6847,81043,17552,181742,15118,2473,NA,17003,8821,7009,5763,5390,NA,26581,638,272962,3782,15960,4324,4844,NA,4729,17354,4235,NA,6350,22299,19527,280187,6249,6800,29158,NA,NA,3500,15834,6628,NA,NA,NA,NA,NA,NA,NA,8140,38692,NA,4770,2717,3247,35386,6859,1946,NA,2933,NA,12904,NA,NA,61463,8954,NA,12489,NA,NA,NA,2835,NA,32053,6747,54952,21673,NA,14997,27422,NA,NA,655288,5083,NA,NA,8781,10246,5462,NA,5597,9638,66252,9994,6176,10131,13693,NA,13315,1303000,8056,NA,NA,NA,11180,NA,8085,17500,8649,7293,38149,319759,20370,NA,7246,9535,4863,NA,165476,547586,NA,NA,8308
"10",NA,NA,28507,11909,27974,13087,14197,NA,31263,2882,186309,NA,NA,NA,42602,NA,6314,2681,13489,2933,5747,15697,454916,22733,7526,2984,NA,9655,44168,13543,4680,52641,22948,NA,127107,9352,453329,6690,7124,81179,17557,186852,15345,2519,NA,17035,8877,6933,5760,5493,NA,26832,647,282591,3822,16262,4776,4910,NA,4748,18253,4355,NA,6444,22941,19987,293939,6365,7207,29435,NA,NA,3545,16012,10675,NA,NA,NA,NA,NA,NA,NA,8155,39119,NA,4256,2790,3324,35080,7115,1962,NA,2810,NA,12820,NA,NA,62442,8944,NA,12879,NA,NA,NA,3594,NA,32294,6803,57556,26478,NA,15166,28086,NA,NA,662313,5174,NA,NA,9103,10410,5346,26204,5229,10866,68992,12202,6266,10185,14117,NA,13815,1324000,8206,NA,NA,NA,11738,NA,8423,17706,8881,7489,39125,334059,20700,NA,7527,10985,5039,NA,167094,541168,NA,NA,8647
"11",NA,NA,30442,12359,28309,13058,14425,NA,33252,2929,192544,NA,NA,NA,44389,NA,6452,2680,14209,2932,5537,15933,471477,24541,9058,2954,NA,9751,45823,13853,4792,54860,23045,NA,131227,9661,478497,6729,7309,64671,17499,191866,15594,2374,NA,17637,8921,6968,5116,5689,NA,27114,637,291023,3919,16719,4556,4965,NA,4836,18154,4405,NA,6578,22997,22531,308528,6498,7398,54333,NA,NA,3641,16029,10770,NA,NA,NA,NA,NA,NA,NA,8297,39542,NA,3877,2837,3390,36632,7413,1970,NA,4599,NA,13175,NA,NA,64806,9028,NA,13323,NA,NA,NA,3693,NA,32415,6882,60644,27343,NA,15243,27420,NA,16870,829414,5222,NA,NA,9422,10506,5411,25330,4909,11259,73429,13104,6466,10327,14475,NA,16829,1351000,8356,NA,NA,NA,12847,NA,8607,17987,8962,7784,39663,354349,21210,NA,7825,11249,5233,NA,170098,537969,NA,NA,8919
"12",NA,NA,32503,12680,28565,13227,14451,NA,34895,2893,206970,NA,NA,NA,46161,NA,8018,3146,14256,3032,5120,16480,486074,24835,9458,2845,NA,9578,48118,14013,4888,58075,23086,NA,135814,10105,502536,6864,8446,65040,18405,194517,15643,2396,NA,18134,9024,6606,4897,5606,NA,27715,633,375543,3771,17101,4310,4970,NA,4825,18391,4440,NA,6637,23212,22742,334014,6206,11334,65693,NA,NA,3729,16584,11416,NA,NA,NA,NA,NA,NA,NA,8224,40387,NA,5181,2574,3483,37940,7253,1926,NA,4452,NA,13683,NA,7477,67587,8930,NA,18915,NA,NA,NA,5575,NA,32925,6945,63442,29194,NA,15396,27536,NA,15879,867025,5374,NA,NA,10647,10598,5290,24708,4570,11517,94841,17963,14647,10115,14092,NA,17417,1698000,7930,NA,NA,NA,13916,NA,8707,18269,9399,7978,40641,358532,21314,NA,8069,11521,5499,NA,173977,464364,NA,NA,9090
"13",NA,NA,34118,13130,28876,13617,14328,NA,36588,2878,223507,NA,NA,NA,47330,NA,8635,3153,15484,3017,5182,16725,497861,26635,10910,2913,NA,9775,50696,14293,4989,68850,23391,NA,140562,10492,525261,7075,8642,64452,18854,194660,15837,2440,NA,18567,9174,6669,4913,5795,NA,27980,621,397248,3902,17623,4161,5054,NA,4755,19498,5159,NA,6775,23727,22920,378762,6414,11477,68105,NA,NA,3755,16769,11470,NA,NA,NA,NA,NA,NA,NA,8203,40758,NA,4952,2622,3561,39629,7576,1955,NA,4370,NA,13887,NA,7157,70298,9429,NA,18996,NA,NA,NA,7764,NA,33465,6733,65846,30360,NA,15542,27704,NA,15617,886302,5636,NA,NA,10982,10674,5371,24266,4296,11915,97887,17961,14814,10444,14467,NA,18027,1751000,8102,NA,NA,NA,14398,NA,8908,18746,9819,8194,40601,376006,21746,NA,8356,11826,5663,NA,170749,490547,NA,NA,8977
"14",NA,NA,25754,13583,29049,14007,14578,NA,28147,2895,222970,NA,NA,NA,48763,NA,8797,3195,16175,3008,5469,16997,511740,27334,12592,3008,NA,9720,51658,14651,5073,74718,23536,NA,234198,10540,464382,7339,8832,66317,19171,200098,16030,2403,NA,18850,9231,6820,4880,5864,NA,28267,632,421192,3925,18028,3969,5114,NA,4778,20421,5504,NA,6766,23697,23429,406478,6551,11594,84809,NA,NA,3822,17053,11631,NA,NA,NA,NA,NA,NA,NA,8267,41268,NA,5059,2656,3645,43417,7931,1961,NA,4328,NA,14136,NA,6949,70327,9209,NA,19382,NA,NA,NA,7886,NA,34080,6811,68133,30747,NA,15893,27722,NA,15822,1007891,6465,NA,NA,11589,10678,5344,23981,4090,12405,98477,17966,15290,10396,14765,NA,18736,1752000,8266,NA,NA,NA,14859,NA,9075,18773,10134,9319,41413,398296,22287,NA,8624,12172,5805,NA,173650,496492,NA,NA,9418
"15",NA,NA,27036,14131,29450,14332,14652,NA,30149,2944,242503,NA,NA,NA,51956,NA,9193,3154,17213,3037,7001,17200,683028,29002,12413,3040,NA,9772,54233,13748,5346,77891,23682,NA,246281,10801,460057,7500,9109,64586,19588,204641,16243,2486,NA,19323,9413,6958,5163,5947,NA,28571,641,444556,4013,18657,3871,5212,NA,4889,21184,5632,NA,9034,24001,23994,462042,6775,11764,88972,NA,NA,3914,17369,12399,NA,NA,NA,2715,NA,NA,NA,8346,42150,NA,6515,2754,3755,56226,8058,2094,NA,4246,NA,13759,NA,6717,73373,9273,NA,19866,NA,NA,NA,7993,NA,34674,6836,70880,31926,NA,16077,28256,NA,16497,1041634,8668,NA,NA,12854,10770,5402,24234,3912,12807,102664,18252,15709,10493,15169,NA,19349,1796000,8425,NA,NA,NA,15595,NA,9234,19323,10530,9513,42314,417567,22712,NA,8899,12523,5929,NA,173006,514020,NA,NA,9797
"16",NA,NA,28543,14739,30071,13829,14843,NA,32970,2964,256954,NA,NA,NA,52854,NA,9467,3550,17666,3501,6945,17554,690257,29378,12140,3007,NA,9359,55804,14141,5851,82302,23954,NA,252573,10806,468510,7726,9410,65127,19782,210099,16569,2639,NA,19771,9586,6255,4420,5907,NA,29248,632,469086,3871,19219,3839,5270,NA,5119,21352,6244,NA,9368,24238,23263,498396,6453,11862,90353,NA,NA,3997,17890,16971,NA,NA,NA,2753,NA,NA,NA,8473,43593,NA,6437,2682,3884,59173,8095,2061,NA,4196,NA,14078,NA,6649,76675,9260,NA,20218,NA,NA,NA,7990,NA,35576,6911,62911,34103,NA,15823,28944,NA,16954,1079355,8823,NA,NA,9950,10890,5270,24346,8317,13187,106578,20841,15968,10118,14734,NA,19943,1398000,7938,NA,NA,NA,16211,NA,9090,18685,10595,9729,42580,444842,22704,NA,9096,12774,5887,NA,176078,545602,NA,NA,10123
"17",NA,NA,29978,15308,30637,16433,14654,NA,34624,3054,264657,NA,NA,22673,53855,NA,9764,3562,19058,3586,7000,17815,765987,31993,11902,3062,NA,9623,57210,14488,5924,86005,24218,NA,266007,10964,503307,7866,10671,65626,20198,214966,16952,2742,NA,20507,9680,6272,4792,6006,NA,29058,630,496565,3962,19841,4064,5382,NA,5196,22255,6428,NA,9501,24481,24125,521085,6662,11906,91293,NA,NA,4040,18534,17243,NA,NA,NA,2787,NA,NA,NA,8537,44620,NA,6394,2705,3967,62359,8382,2118,NA,4231,NA,14394,NA,6605,114488,9910,NA,19979,NA,NA,NA,8039,NA,36318,7040,65303,34468,NA,15874,29704,NA,17393,1110347,9078,NA,NA,10339,10942,5272,24633,8142,13657,111182,20943,16387,10497,15674,NA,20632,1453000,8089,NA,NA,NA,16816,NA,9185,18785,10733,9825,43338,464213,21695,NA,9326,13110,5975,NA,178675,542432,NA,NA,10278
"18",NA,NA,30179,15992,31374,16716,14707,20991,35150,3148,282599,NA,NA,21247,55333,NA,10055,3575,30091,3653,7095,18072,786184,33085,12407,3145,NA,9744,58047,14145,6183,90082,24641,NA,283530,11103,526359,12024,10980,66385,20786,217308,17265,2749,NA,20432,9794,5668,4560,6105,NA,29306,634,525779,3944,20219,4261,5450,NA,4834,23234,7487,NA,9627,24512,24698,545857,6829,12047,92698,NA,NA,4136,19265,19776,NA,NA,NA,2951,NA,NA,NA,8617,45643,NA,7177,2781,4044,76002,8639,2158,NA,4237,NA,14920,NA,6660,117294,9656,NA,20226,NA,NA,NA,8196,NA,37225,7085,62461,40239,10954,16231,30518,NA,31404,1148869,9287,NA,NA,10557,11076,5312,25115,7941,14354,117527,21027,17047,10522,16508,NA,21406,1519000,8242,NA,NA,NA,17457,NA,9331,19237,10783,9853,44200,487645,22189,NA,9598,13539,6100,NA,176359,565732,NA,NA,10698
"19",NA,NA,31431,17087,32295,17088,14832,20025,36533,3126,290053,NA,NA,20969,56503,NA,10399,3632,30524,3714,7176,18309,811254,35082,12288,3442,NA,9759,60464,14429,6284,96911,25110,NA,276940,11277,559440,12442,11243,69972,21391,223044,17610,2826,NA,21037,10033,5570,4754,6110,NA,29624,628,557558,3997,20802,4260,5577,NA,4479,24169,7656,NA,9686,24797,24140,602200,7045,12258,95350,NA,NA,4222,20081,20264,NA,NA,NA,2987,NA,NA,NA,8705,45837,NA,7794,2817,5164,77517,8928,2197,NA,4064,NA,15355,NA,6773,120695,9759,NA,20558,NA,NA,NA,8291,NA,38246,7161,64738,41591,10768,21589,31195,NA,32158,1187307,9558,NA,NA,11023,11236,5339,25734,7741,15134,123955,21176,17641,10542,16970,NA,22178,1557000,8399,NA,NA,11775,18140,NA,9532,19520,10915,10068,45355,511662,22711,NA,9851,13935,6226,NA,175352,569244,NA,NA,11217
"20",NA,NA,32367,17656,33363,17125,14955,18953,38020,3398,299757,NA,NA,20807,55508,NA,10791,3618,28888,3649,6820,18660,844109,37654,12879,3616,NA,9705,61274,14444,6270,104785,25537,NA,290983,11616,565312,12997,11525,70722,21713,228044,17893,2917,NA,21381,10257,4929,4853,6059,12916,30325,615,587788,3857,21136,4494,5650,NA,9868,24578,7663,NA,9327,25616,21577,634959,6253,12348,98132,NA,NA,4393,20940,35140,NA,NA,NA,3954,NA,NA,NA,8795,47427,NA,8845,2982,5612,81888,9314,2211,NA,4282,NA,16055,NA,7011,124793,9832,NA,21297,10922,17606,15483,8221,NA,38696,7257,67058,42624,10652,21906,32128,NA,32367,1284693,9605,NA,NA,13173,11547,5406,26311,7497,15813,130162,21307,17954,10124,15945,NA,23446,1611000,7938,NA,NA,11306,19015,NA,9739,20309,12083,10458,46689,536967,22977,NA,10121,14334,6384,NA,161365,572104,NA,NA,11755
"21",NA,NA,33425,22202,34461,17703,14830,18838,39550,3759,304029,NA,NA,20917,56635,NA,11161,3630,30997,3728,6968,18916,866940,38087,12727,3620,NA,9757,63534,14628,6430,108694,25959,18986,304192,11569,573215,17680,11674,72441,22103,234464,18322,3012,NA,21927,10269,4950,4639,6086,12442,30596,620,616119,3870,21658,4633,5827,NA,9690,25390,7799,NA,8797,25961,20723,722189,6469,12469,100965,NA,NA,4430,23831,35939,NA,NA,NA,3957,NA,NA,NA,8988,48891,NA,9032,3078,5602,96273,9653,2209,NA,5830,NA,16667,NA,11317,129057,10588,NA,21118,10446,17258,15095,8289,NA,39779,7348,69465,43979,10689,27237,33027,NA,33020,1256334,9907,NA,NA,13489,11639,5345,27130,7335,16395,136645,21247,18449,10139,16463,NA,23974,1666000,8114,NA,NA,11010,21022,NA,9795,20958,12236,10569,48371,559525,23565,NA,10324,14826,6536,NA,159531,569651,NA,NA,11896
"22",12974,NA,34199,23521,35662,18609,14934,18543,40962,3832,306251,NA,NA,21112,61312,NA,11503,3682,33345,3760,7019,19159,889150,37835,12636,5109,NA,9741,64363,14768,6408,112828,26464,18487,323344,11476,574249,18596,11812,73467,22654,243170,18726,3125,NA,21834,10533,3869,4601,6122,12139,30723,604,630921,3831,21925,6108,5992,NA,8704,26146,8589,NA,8772,26008,21783,779960,6639,12646,130186,NA,NA,4403,25487,36419,NA,NA,NA,3904,NA,NA,NA,9161,50666,NA,9126,3197,5818,98383,9823,2196,NA,5835,NA,17311,NA,11650,134932,10448,NA,21537,9988,16794,14977,8371,NA,40855,7343,71696,44133,10804,27239,33234,14447,33641,1289120,10181,NA,NA,13885,11808,5364,27921,15451,17254,143113,21436,18921,10137,17476,NA,24710,1711000,8290,16092,NA,10877,21847,NA,9757,21154,13129,10701,49408,583915,24190,NA,10545,15497,6725,NA,157601,569731,NA,NA,12480
"23",12535,NA,34905,25062,36920,19807,15025,18477,42324,4192,311165,NA,NA,37662,62390,NA,11804,3677,36315,3883,7072,19328,910040,38712,13053,5208,NA,9838,66370,15093,6936,117088,27104,18124,338464,11618,586010,19486,12274,74759,23153,249450,19053,3255,NA,22208,10795,3693,5114,6222,11821,30772,618,665653,3918,22545,6592,6237,NA,8222,26924,8862,NA,8689,26195,22171,816362,6805,13029,157153,NA,NA,4643,28802,36920,NA,NA,NA,4037,NA,NA,NA,9241,51290,NA,9259,3362,5824,113255,10054,2425,18703,5829,NA,17931,NA,11956,140723,10868,NA,21914,9655,16656,14972,8504,NA,41932,7375,73808,45440,11102,28627,34123,14286,34481,1303935,10455,NA,14566,14261,11986,5421,28738,15262,17919,148557,21623,25374,10125,18183,NA,25572,1714000,8466,20215,NA,10821,22712,10073,9942,21556,15515,10905,50588,608992,25062,NA,10767,15980,6845,3341,155117,581125,NA,NA,12951
"24",12140,NA,35847,26080,38506,21308,15030,17255,43631,4275,287560,NA,NA,39008,63874,NA,12181,3698,47896,5854,7150,19590,944506,39517,13186,5209,NA,9854,69998,14980,6983,122286,27443,27735,346713,11883,578414,19908,12724,76058,23752,243794,19464,3406,NA,25460,10927,2580,4929,6179,11705,31228,597,670206,3727,22964,7117,6288,NA,6614,27583,9413,NA,8520,26265,24043,855829,6628,16609,164109,NA,27374,4769,29768,37126,15692,NA,NA,4075,NA,19479,NA,9296,52142,NA,9396,3436,5795,119427,10264,2380,17934,5767,NA,18053,NA,12302,146350,10516,NA,22663,9200,16654,14763,8436,NA,42891,7389,75934,47490,11109,29278,35197,14291,35568,1258074,10676,NA,14727,14266,12228,5380,29280,15538,18444,155033,21742,26034,10125,17089,NA,27852,1701000,7945,19616,NA,10737,23653,9180,12475,21713,14920,11189,52327,624269,25218,NA,10821,16383,6916,3138,151930,583833,NA,NA,13249
"25",11880,NA,30641,27431,40248,21959,14921,16734,43994,6495,297695,NA,NA,39680,63862,NA,12511,3644,50449,5909,7220,19810,1019436,40195,13250,5316,NA,9840,72022,15364,7097,127008,27889,27445,358548,11956,601870,19927,12878,74987,24297,249623,19808,3591,NA,25360,11051,2399,5302,6207,11567,31509,571,668570,3750,23412,7433,6519,NA,6344,26642,9628,NA,8888,26610,24275,888324,6891,16816,170323,9948,26718,4805,30727,40642,15247,9965,9884,4077,NA,19322,NA,9367,53127,NA,9512,4166,5651,121296,10455,2427,17317,5705,NA,18694,NA,12554,152941,11378,NA,22070,16114,16768,14870,8515,NA,44024,7412,77545,48712,11145,35105,35747,14806,36438,1429016,10995,4688,14935,14766,12293,5342,31704,15787,19093,160298,21833,26597,10158,17612,NA,28546,1742000,8109,19159,NA,10669,25298,8949,12695,21951,15127,11438,53287,643340,25603,NA,11002,17347,7021,3044,143786,589957,NA,NA,13199
"26",11495,NA,31678,28830,41680,23065,15040,16074,45463,6737,302161,NA,NA,40345,64796,NA,12825,3611,53570,6951,7308,19986,1012340,39649,13300,5357,NA,9825,72983,15994,7197,131496,28250,27078,345638,12069,608319,22201,12946,76087,24930,247043,20031,3813,NA,27314,11170,2175,5180,6285,11411,31614,576,703128,3768,23633,7131,6685,NA,6079,34299,9955,NA,8959,26745,24161,914517,7082,17017,172540,9182,25991,4865,31779,40959,14874,9892,9673,4138,NA,19585,NA,9430,54159,NA,9374,4275,5443,124437,10667,2450,17290,5874,NA,19288,NA,12783,158761,11149,NA,22525,15689,17054,21650,8604,NA,45205,7425,80705,55110,11320,35203,30584,15431,37001,1426442,11296,4725,14936,15336,12441,5393,33305,15921,19823,164851,21894,27166,10167,18252,NA,29506,1765000,8242,18660,NA,10551,26369,8998,12908,22024,15621,11543,55223,609682,26023,NA,11245,17879,7136,2916,140661,582228,NA,NA,13543
"27",11263,NA,31873,30208,43247,23389,15144,16080,47184,7143,315748,NA,NA,40978,65891,NA,13141,3625,52886,7058,7356,20164,1027917,39938,13475,5659,NA,9871,74715,15836,7263,136973,28342,26795,340081,12263,611890,22732,13176,77096,25546,261693,20134,4071,7757,27953,11395,1955,5403,6309,11243,31691,241,730284,3783,24214,7471,6954,NA,7351,34899,10950,NA,9036,27035,25004,940359,7324,17280,174625,8483,25802,4985,32786,41355,14435,9668,9582,4213,NA,19863,NA,9479,55353,NA,9656,4452,5305,127115,10921,2585,17052,6133,NA,19832,NA,13004,161003,11443,NA,22831,15356,17306,21849,8681,NA,46438,7450,83876,56020,11413,36327,31308,26035,37271,1412990,11558,5186,14800,15352,12560,5386,34078,15837,20674,170719,21576,27563,10243,18721,NA,30297,1782000,8408,18077,21185,10517,27410,9123,13074,22347,15660,11832,56557,620099,26248,NA,11443,17543,7159,2828,134464,573275,NA,NA,13834
"28",10944,NA,33845,29099,44298,23620,15038,12794,45045,7149,331552,NA,NA,40742,67172,NA,13453,3644,52082,7020,7403,20886,976878,39806,13824,4846,NA,9908,75682,15827,7342,142957,29031,26623,333050,12523,625133,23491,13935,78285,27193,265338,19648,4150,7564,28502,11622,1452,5207,6319,10716,31787,524,750698,3648,24504,7889,7070,NA,9885,34060,11128,NA,8783,27184,25208,968285,7282,17437,177731,7751,25266,5152,43233,46496,14160,9375,9362,4248,NA,21095,NA,9460,56166,NA,10353,4185,4463,123350,11266,2583,16646,6703,NA,20497,NA,13262,152763,11279,12229,23431,14960,17855,21862,8756,NA,47447,7462,71594,57518,11614,47838,32351,31511,43188,1422375,11988,5265,14739,14365,12706,5361,34876,15788,21250,169429,21713,27668,10126,19297,NA,30609,1498000,7947,17413,20722,10505,27849,9213,13234,22243,16024,12128,58087,525640,26155,NA,11158,17769,7616,2745,140348,573022,3157,NA,14251
"29",10753,NA,35430,29684,45651,24763,15020,13493,46707,7138,333780,NA,NA,41239,67356,NA,13719,3672,55517,7112,7381,21031,996175,39320,13852,4203,22291,9804,76244,15718,7428,147429,29073,26406,336042,12803,652603,23706,14235,78963,28103,267846,19712,4408,7395,28863,11703,1319,5092,6447,10464,31631,507,772228,3790,25076,8248,7406,NA,9559,45755,11233,NA,8682,26803,24980,968247,7556,17797,179028,7029,24871,5127,44424,46529,13893,9310,9104,4408,NA,21353,NA,9526,57195,NA,9623,5368,4884,123341,11521,2654,16542,6954,NA,21040,NA,13401,150745,12006,11897,23484,14593,17939,22673,8833,NA,48025,7478,74399,57721,11702,48732,32930,32037,43844,1440265,12139,5325,14775,14556,12719,5362,35303,15635,21648,173317,21862,27809,10142,19424,NA,31002,1597000,8095,16837,20477,11776,27609,9270,13381,26898,16210,12342,58632,500523,26299,NA,11394,17905,7440,2663,128343,576721,3038,26106,14377
"30",10429,NA,36952,30246,46609,25730,15270,15735,48164,6858,335432,NA,NA,41631,67829,NA,13947,3604,60236,7184,7392,21146,951512,39981,13897,3285,21677,9912,77295,15548,7534,158156,28997,26102,334749,12766,658724,24529,14646,78509,28825,251080,19539,4634,7219,29111,11773,1172,4856,6502,10094,31684,512,786779,3824,25445,10109,7697,NA,8990,47138,11656,NA,8663,26943,27230,1141177,7774,18284,179408,6505,24185,5323,45373,47032,13559,9120,8729,4460,NA,21620,NA,9526,58273,NA,12022,5561,5067,154441,11833,2844,16342,7160,NA,21472,NA,13543,152000,11659,11623,23774,14264,17991,22864,8872,NA,48773,7485,77284,60688,11580,49795,32291,32718,47672,1427403,12594,5397,14780,15138,12863,5380,35144,15514,21944,179646,21866,28150,10151,20045,NA,31301,1608000,8268,16186,20154,11854,29887,9518,13610,23995,16942,12585,58867,457814,26331,NA,11624,17528,7111,2625,123863,568622,2922,25640,14559
"31",10139,NA,38730,29944,47153,26937,15163,15821,49704,6763,279538,NA,NA,41885,67936,NA,14178,3574,62066,7326,7091,21291,923165,11754,13841,2755,21169,9882,77932,15513,7567,161667,28851,25673,337608,12873,682805,24997,14903,79331,29057,250771,20270,4892,7120,30208,11869,1918,5268,6898,9658,31478,636,801115,4072,25984,11264,8026,NA,7808,45807,12670,NA,8715,27580,26814,1114877,7989,18604,179493,8506,23819,5564,61675,47269,13079,12876,8467,4541,NA,21780,NA,9325,59337,NA,11645,5758,4972,153111,12212,3012,16219,7125,NA,21708,NA,13537,148033,11522,11412,24646,12620,17608,23247,8933,NA,46796,7502,80577,63213,11214,81819,32939,33443,51834,1427609,13095,5447,13936,16157,13013,5370,34459,15963,21919,181392,21871,29521,10527,19394,NA,35036,1598000,8439,15708,19885,11774,36800,9819,13863,23068,17027,12827,59625,487589,26442,NA,11832,17387,7051,2598,180639,546042,2797,25198,14776
"32",9764,NA,40634,29864,47427,27629,15223,15337,51427,6380,311300,NA,NA,41358,61739,NA,14400,3585,65973,7249,6989,21422,899443,35481,13474,3077,20702,9628,78391,14179,7544,166788,29251,24425,334628,13019,736263,24668,15496,80453,29412,241378,24082,5091,7000,32487,11933,2141,4838,7036,10596,31775,598,1012165,3899,26152,11315,8074,NA,6245,46062,15365,NA,8656,27517,28419,1409758,8217,24793,181985,7995,23318,5518,62647,47788,12095,11048,8275,4767,NA,21664,NA,9558,60154,14670,10430,5851,4816,180098,12469,2716,16042,6363,69090,21977,NA,14390,142464,11503,11145,23143,12220,15198,23158,8104,NA,47770,7569,83998,62577,11277,88332,32850,33586,65583,1438265,13459,5481,13749,16177,13180,5313,31897,17939,22471,216157,21714,28620,10179,19428,NA,36499,1518000,7947,14517,19716,11610,35401,9925,14413,23233,17137,13081,59825,396085,26469,NA,11353,17404,6662,2613,177790,537396,2625,24712,14916
"33",9460,NA,42941,30038,47491,28151,14992,14811,53115,6397,338889,NA,NA,48233,63161,NA,14710,3588,67486,7294,6901,21555,884667,36138,13468,5080,20092,9600,77851,13880,7604,168068,27657,24516,318835,12937,752071,31197,16788,80619,30229,233521,24019,5357,6795,32668,11873,2009,4604,7042,8741,36566,566,1025965,3994,26450,11506,8497,NA,5944,46257,15435,NA,8677,27623,31128,1387909,8323,25787,182067,8368,22734,5748,65257,65551,11415,10417,7950,5040,NA,21966,NA,9573,61075,14293,9682,5911,4839,184065,12658,2738,18631,6388,67850,22220,NA,14460,142389,12149,10957,23381,11909,15029,23520,8289,NA,48105,7614,87792,66083,11575,86854,29899,41776,65385,1767296,13792,5572,13690,16797,13268,5307,31983,18141,22593,212045,21540,26958,10368,19648,NA,35641,1691000,8100,13937,19578,13694,35244,11532,14639,23562,17175,13070,60295,347204,26491,NA,11548,17505,6345,2584,177302,533274,2511,24756,15108
"34",9007,NA,44995,30231,47860,28641,17667,14409,55349,6233,390108,NA,NA,47616,62863,NA,14986,3593,69484,7344,6868,21745,824205,37768,13563,5291,19287,9843,78360,13508,7596,170138,26947,23676,311115,11352,773932,31213,17108,80297,30361,220569,23961,5557,6641,40632,11391,1839,4512,7047,6938,36818,559,1004477,4069,26474,11648,8768,NA,5559,45146,15416,NA,8433,32052,31336,1263442,8426,27227,183574,8857,22075,5647,66731,66011,10760,9961,7713,5283,NA,22118,NA,9497,60632,13369,9516,5963,4847,183283,12805,2856,17251,6190,66544,22417,NA,13321,136042,12082,11022,23393,12684,15056,23910,8881,NA,44133,7619,91703,67254,11700,89018,30056,42252,59027,1588409,14361,5638,13354,18680,13405,5354,32309,17930,22464,195062,20737,25111,10349,19977,NA,37937,1677000,8309,9167,19458,13521,34618,11559,14900,30057,17352,13288,60663,306602,26572,NA,11496,17881,5827,2490,162656,546017,2386,24064,15165
"35",8579,NA,47015,30592,48045,32999,17636,13886,56963,6583,438182,NA,NA,48143,62683,NA,15197,3543,99002,7364,6784,21941,782680,38570,13191,5771,18663,9696,89365,14606,7704,172606,23238,23914,258262,12023,789981,30434,17328,80951,30552,194455,23935,5622,6542,39786,11639,1727,4744,7529,3859,34358,546,1012335,4119,26746,11807,9072,NA,5486,43479,15737,NA,8056,32118,32203,1188282,8530,27718,219760,13165,21719,5723,68189,66383,10217,8917,7527,5412,NA,22004,NA,9569,61631,13103,6535,6076,4636,171236,12950,2993,16554,6247,65493,22521,NA,13550,80005,12377,11134,23596,18069,13170,24181,10293,NA,44478,7679,95275,69953,11020,90972,36678,42941,53690,1706818,14837,5786,13281,19493,13511,5292,32755,17984,22294,200763,20749,19874,10243,19682,NA,38908,1634000,8497,9135,19270,12796,33912,10819,15188,30347,17376,13397,60061,310457,26022,NA,10033,18098,6491,2427,155224,559332,2251,23550,15372
"36",7436,NA,49120,30719,49259,34272,17470,9897,58703,5470,359494,NA,NA,47808,62278,NA,15340,3563,85303,7589,6694,22086,760181,23396,12071,5848,17969,9763,89494,14856,7726,176965,24500,23178,223700,12021,810417,30675,17039,80600,39472,291825,22732,5918,4594,34251,11638,1578,4223,7561,3770,34529,1035,1066570,4241,26797,12067,9024,NA,5403,57123,15993,NA,7999,32227,31810,1762536,8697,28526,167195,12584,19780,5813,68797,64745,10276,7789,7995,5285,NA,22300,NA,9623,62723,12871,4277,6266,4495,151660,12912,2942,15854,6112,64363,22526,NA,17765,89477,12787,10598,23576,17171,11336,23900,10848,NA,43418,7740,99179,71450,12512,91938,37240,43521,51521,1670878,15511,6027,13036,21203,13672,5318,32685,17040,21462,261349,17660,22366,10223,20178,NA,38096,1576000,7959,9271,19175,15826,32580,11502,15225,30305,18093,13683,49234,299479,25608,NA,8798,18215,6224,2404,153432,571379,2166,23061,15603
"37",7373,NA,50998,30635,49463,34864,17439,9799,60281,5707,471698,NA,NA,47562,60440,NA,15607,3590,84182,8012,6554,22421,714506,24049,12213,5845,18151,9714,89537,14996,7832,182385,23920,28952,174741,12241,823115,30500,17065,80800,39896,281169,22495,6245,4521,33598,12126,1509,4303,7644,5816,33249,1010,1106574,4305,27134,12222,9333,NA,5506,55487,16224,NA,8096,32343,32394,1793445,8392,29393,167879,12575,19245,5337,70954,64950,12008,7984,8075,5203,NA,22403,NA,9689,62278,12893,4138,6338,4186,185571,13324,2958,15483,6057,63737,22756,NA,17763,92937,13560,10737,24141,17300,11346,24208,11003,NA,44237,7830,102872,73386,11985,94555,38024,44077,54446,1538059,15956,6141,12052,21946,13843,5298,32946,17330,20600,264812,17195,20490,10240,21057,NA,40437,1567000,7813,9320,19253,15992,31740,11628,15230,30559,18248,13918,49783,284771,25608,NA,8170,18287,4143,2399,152948,614375,2086,23174,15729
"38",9890,NA,53156,31212,49608,34799,17499,11193,60423,5638,673927,NA,NA,46880,58410,NA,15861,3644,90474,8152,6045,22730,840311,23584,13270,6988,18365,9829,89637,15075,7950,185989,24497,29166,148300,12434,849145,30954,18332,82446,40390,221320,22559,6547,4414,33862,12504,1472,4464,7674,7884,32004,961,1115737,4391,26913,12393,9489,NA,5912,66580,18119,NA,8113,32489,33523,1811880,8671,30333,167540,12481,18198,5376,73658,57492,12036,8026,7759,5161,NA,22740,NA,9770,62685,12954,5029,6446,3993,185213,13818,2989,15573,5287,63068,22949,NA,17849,163695,13654,10966,24030,17321,9083,24488,11437,NA,85096,7864,105367,74677,12010,96597,37075,45455,51872,1449269,16325,6328,12202,22461,13915,5233,31729,17594,19585,272588,16526,20154,8603,20188,NA,40368,2067000,7998,9448,19504,16161,32145,11928,14843,30863,18354,14077,50823,258215,25605,NA,8438,18404,7549,2419,394075,617886,2052,23003,15603
"39",9840,NA,55043,31391,50594,33486,17490,12781,62152,5470,671522,NA,NA,46466,53865,NA,16110,3683,94583,8172,6139,23119,1073998,24418,15329,7784,18694,9776,90441,14893,8045,196099,24558,38637,245277,12596,873720,31157,17477,83997,40687,239244,24126,6807,4423,30985,12663,1404,4763,7711,8758,32680,926,1149397,4402,27587,12650,9736,131472,5961,67614,18418,NA,8322,32529,33312,1882186,8935,39738,162392,12503,17883,5509,75540,55758,12235,7914,8369,4957,NA,23005,NA,9846,63499,13028,5052,6604,3888,191485,14564,3117,15724,5273,62736,23116,NA,18087,158325,14081,11166,21895,17652,8797,24938,11774,NA,86075,7944,105917,77815,10938,98093,41117,46345,44422,1373624,16744,6636,11800,22942,14175,5342,33138,17546,19132,279152,17272,18120,8487,20671,NA,40140,2036000,8187,10718,19871,16187,33074,12201,14856,30972,18538,14338,54030,227405,25646,NA,9039,18506,6978,2434,434929,698611,1995,20697,15795
"40",10700,NA,51869,30876,50993,26586,17360,13446,59752,4909,665953,NA,NA,46940,42177,NA,16293,3701,90128,8177,5691,23671,1159216,23949,16007,8481,19974,9249,100378,15295,8092,191545,24755,39239,251111,12935,889247,30525,15613,84945,33830,236363,23933,7000,4217,31775,11781,1181,4515,7755,7730,33856,959,1182032,4303,27833,12974,9698,131143,7462,67312,18742,NA,8483,32347,32990,1859103,9175,42570,139655,12702,17473,5491,77376,51794,12253,7084,7400,5170,NA,22699,NA,9982,61981,12981,5584,6730,3508,197459,14469,3153,15662,4973,62265,23154,NA,18246,147541,14623,9343,19139,16872,8297,25216,12251,NA,86420,8018,107340,79770,12013,122362,40809,47123,56342,1168524,17570,6531,10036,23988,14404,5707,32875,13829,13706,285128,17997,17266,8334,21772,NA,38790,2029000,7731,9977,21163,16651,33011,12555,15556,31213,19963,14570,37992,185296,25747,NA,8188,18465,6113,2469,457888,679765,2018,19287,15743
"41",10787,NA,53654,31372,50586,27715,17372,17317,61405,4757,649150,NA,NA,47932,40063,NA,16484,3664,86444,8158,5433,23974,1180140,24892,16049,8764,27550,9201,100605,15493,8033,195287,24925,39445,263285,13026,914943,30576,14823,85191,33498,243416,24132,6948,4249,30256,11896,1203,4381,7847,7514,34183,991,1186421,4385,28410,13135,9986,133814,7353,67021,19085,NA,8607,32623,36584,1855481,9227,44539,123403,12752,16279,5494,79434,51141,12417,8135,7731,5150,NA,22448,NA,10118,62803,13392,5705,6672,5901,200770,14514,3167,15896,6328,62829,23394,NA,18488,148707,15264,9583,19250,17087,8231,36034,12176,NA,87060,8134,110711,83621,11572,120894,41184,48212,54994,1163022,17939,6674,10645,25230,14589,5540,32763,19105,13262,290690,17767,18598,8278,22536,NA,39197,2107000,8071,10057,21469,16862,33201,13249,15856,31575,20187,14811,39700,187503,24917,NA,8828,35643,5744,2475,477648,669645,2031,19498,15738
"42",10898,NA,51870,32599,50580,31955,17422,18786,59917,4311,673413,NA,NA,45281,40480,NA,16714,3637,86496,8186,5314,24274,1180770,26289,15847,9274,30343,9496,100619,15035,8135,200924,25225,40128,274785,13488,932339,30855,14376,86496,29199,245531,24344,7385,4286,29196,12246,1200,4296,7978,7209,35233,1024,1229980,4440,28665,13432,10169,127872,7352,67193,19251,NA,8810,32929,36869,1916668,10003,44855,99358,12904,16640,5539,82072,51437,12432,8659,9687,5083,NA,22634,NA,10176,62902,14046,5623,6650,5612,203360,14070,2938,16235,6540,63630,23634,NA,18568,150506,15052,9459,19066,17051,7123,37679,12334,NA,88000,8149,114165,86672,10384,121439,40970,49302,59028,1151501,18174,7073,11103,27502,14842,5537,32906,18493,13005,295685,15443,20648,7972,24032,NA,40637,2108000,8316,10135,21696,23361,33530,13887,16189,31718,20274,15082,37788,161114,24746,NA,9053,36058,3090,2490,501735,688162,2059,19301,16068
"43",12090,NA,53636,33540,50968,32413,16876,19080,61565,3947,629253,NA,NA,45983,39726,NA,16900,3630,88140,8304,5086,24602,1187670,28612,16012,9551,30716,9970,94201,14750,8186,208242,25473,40949,280107,13960,946353,30704,13888,86791,25113,245841,24366,7655,4314,27909,12711,1242,4093,8067,7929,35928,1212,1260288,4484,29140,13742,10373,131947,7364,69801,19589,NA,9061,33254,37204,1987691,10093,58366,71112,13199,16909,5766,111129,53173,12553,8864,10051,5211,NA,27779,NA,10254,63851,14471,7120,6816,5813,206255,14250,2935,15789,6644,63108,24025,NA,18726,156803,15214,8998,19808,16825,6378,41192,12517,NA,88810,8249,118240,87522,9825,123028,41226,50628,60361,1130564,17651,7514,11063,28507,15104,5601,32616,17710,11832,305302,15455,20511,8040,23646,NA,40875,2187000,8666,9897,22031,23714,33698,14446,16516,31866,20553,15269,37923,163305,24780,NA,9198,35632,3303,2522,507181,703592,2215,19380,16160
"44",12228,NA,56336,33275,51354,33462,15099,19233,63462,3163,616590,NA,NA,48661,38892,NA,17114,3668,85441,8267,4888,25204,1182642,29230,16108,10028,31907,10157,95000,15081,8278,215168,25820,43047,337308,22347,964128,30879,13629,86669,21379,267605,24664,7900,4140,28295,12427,1285,4729,8013,8908,35590,1244,1289748,4339,29372,14192,10134,125469,7072,72115,19996,NA,9275,33173,37328,2061895,10398,61303,60456,13290,17608,5545,111017,54843,12849,8471,10264,5266,NA,28184,NA,10346,64644,14532,6920,6948,5873,210172,12294,3647,14073,6709,64763,24207,NA,18884,160834,15320,8040,20258,14772,4997,41673,12815,NA,89874,8319,117707,85513,9635,124251,40214,51467,61087,1553375,17753,6762,9998,30165,15376,5893,31333,17698,7022,665855,14625,20360,7969,25121,30961,41338,2178000,7789,8823,23377,24938,34537,14734,16874,31884,21977,15055,37841,174136,24926,NA,8837,36414,1335,2517,530214,700076,2175,19619,16401
"45",12575,44500,57746,33781,50905,34219,14706,21446,64716,2970,628947,30915,62947,50319,43252,2309,17330,3710,86723,8368,4715,25554,1190252,30069,16173,10464,32185,10060,94759,15178,8360,219597,25800,42820,346153,23115,979271,30233,13449,87458,32113,269628,29926,8114,4186,27740,12494,1389,4640,8174,8798,34593,1281,1320666,4447,29891,14441,10343,123861,7120,72058,19799,13522,10232,33543,37818,1887484,10555,63441,56865,13450,17760,5501,114867,57463,12582,8377,10025,5337,86684,28513,13925,10389,65448,15806,6755,6991,5891,214895,12694,3657,13968,6690,65822,24504,39496,19106,168688,15990,8488,20378,15036,4413,44819,12863,18818,90813,8442,122369,85793,9741,124380,40491,53149,62940,1542775,18200,6945,11473,43169,15591,5617,31171,20564,6250,695618,14834,20277,7845,26470,31442,41592,2227000,8112,7933,24102,25339,35462,15430,17245,32031,22134,15223,38420,183083,25123,12800,8972,35802,662,2480,553045,713552,2210,22745,16326
"46",12641,38444,59274,34733,51809,35300,14823,22861,66538,2843,643364,30294,62672,52010,43406,2323,17594,3838,89109,8344,4522,25922,1199086,31045,16267,10692,32449,10270,99894,18857,8382,223834,26086,65124,374540,19832,979270,31029,14149,90519,32111,275634,30196,8497,4749,26561,12499,1447,4975,8221,8685,37270,1307,1328605,4487,29312,14756,10481,118950,7241,73630,19947,10603,10615,33600,38292,1891919,10711,66890,52141,13629,18167,4544,120365,60712,12548,8206,10454,5390,88233,28400,14135,10549,66328,16406,6540,7101,5920,219328,12987,3698,12601,6755,87236,24796,38410,19338,170859,15855,8615,20177,16355,3569,47344,13046,18889,91981,8496,125396,86816,9274,122719,40468,55430,65832,1555236,18691,7284,13227,46071,15836,5705,31435,20734,6325,625410,15097,22508,7785,27911,33478,39581,2168000,8410,7018,24756,25725,33970,15967,17535,32266,22397,15318,39428,195622,25326,11749,9288,35231,406,2497,566059,721887,2243,22918,16430
"47",12788,38664,60582,35030,52601,36106,14875,23555,68065,2767,660839,30731,63246,53875,43979,2322,17791,3887,94819,8205,4146,26171,1205931,31444,16818,11238,32580,10429,105013,19759,8366,228035,26535,65043,392687,20353,1002443,31594,13827,91340,31481,277601,30404,8767,4812,25075,12505,1513,4885,8196,8404,38143,1324,1354980,3954,29862,15080,10654,114372,7189,74932,20129,10855,10926,33553,39368,1970097,11024,72308,52403,13742,18732,5322,123659,64255,15287,7544,10615,5506,89415,28873,14128,10714,67948,16915,6311,7293,5957,223387,12940,3716,12564,6849,89473,25099,38125,19478,175413,16220,8808,20395,16631,2701,49726,13206,19056,93121,8564,128960,88361,9357,124951,40930,58415,67468,1575653,18899,7526,15673,48188,16086,5501,32373,20891,5543,647615,15634,22410,7698,28300,33200,38990,2257000,8735,6984,25848,26283,34152,16860,17879,32454,22631,15535,39222,205036,31608,11361,9465,33730,4909,4552,580728,731778,2312,22874,16427
"48",13071,39301,52967,35917,51298,36815,12561,24479,59200,2602,604997,26264,64428,56168,44792,2284,17979,3920,90080,8449,4070,26562,1221893,33236,17114,11862,33177,9570,106476,20145,8305,231732,28291,63545,405801,21123,892888,31553,13906,92066,31859,275566,30684,8982,4963,22289,12651,1571,5276,7517,8323,35920,1376,1259005,3948,30311,15434,10525,108056,7083,77528,20240,8649,11169,34023,40047,2046477,10512,75507,50490,13898,19479,5702,122094,68109,15650,7669,10606,5626,89743,29109,14479,10863,69115,17537,6071,7663,5961,228524,12934,3747,8934,6842,92543,24385,38072,19873,179245,16277,8383,20352,16906,1916,50409,13798,19320,92075,8641,123361,90290,9842,126523,41121,53728,69304,1593225,19526,8851,16079,49242,16304,5374,32526,21171,5070,667725,16365,22504,7671,29664,32936,38823,2288000,7819,6702,26815,32630,34604,17779,18189,32483,23634,15540,38678,218092,32186,9982,8216,40069,3678,4571,619448,746837,2336,22028,16649
"49",13353,38925,54198,36798,50950,37168,12452,25730,60818,3421,630499,26629,65526,59118,45525,2264,18188,3981,86504,8491,3822,26829,1237554,35102,17319,12066,33500,9589,109433,20443,8400,235931,28652,63926,393015,22168,915062,32119,14074,92794,32098,276297,30928,9049,5033,20019,12371,1606,5246,7653,8161,37875,1379,1289967,4051,30228,15679,10682,98135,6907,78989,20437,9720,11562,34192,41512,1805659,10878,77116,50629,14129,19561,5529,125349,69256,15911,7824,10756,5684,90817,29452,14699,11018,70396,17474,5825,7708,5979,231288,12999,3757,8705,6758,96657,24599,37732,20132,183864,16763,8524,18791,17158,1479,52841,13752,19278,93955,8713,126820,93935,9876,127929,41551,56611,72594,1525280,19824,9044,19181,50533,16475,5445,33083,21447,4935,698992,17773,22616,7587,30364,32674,39224,2128000,7890,6588,27847,37663,33297,18626,18529,32623,24124,15296,45562,227417,32468,9299,8179,40659,2734,4584,632568,761778,2380,22221,16972
"50",13617,38821,55632,37216,48864,37874,11989,26433,62439,3505,641044,27063,66250,65523,46741,2287,18420,4039,90190,8638,3904,27170,1266738,35889,17385,12471,33843,9834,110495,20698,8328,239465,29093,67972,349792,22200,921992,33075,14299,94138,32284,278604,31192,9366,5057,17742,12438,1642,5215,7777,7922,39204,1466,1315980,4130,30267,15897,10818,108264,6751,79514,20476,16126,11921,34370,41600,1886250,11131,79903,48801,14295,19988,5527,128734,70431,16128,7795,10988,5997,91393,30145,14859,11124,71840,18180,5676,7790,6004,238730,13491,3766,8291,6690,102089,24836,37229,20350,190593,16549,8686,18848,17408,1060,55280,13984,19733,94382,8746,130339,96140,9745,128545,40293,55743,75965,1407579,20293,9280,21227,46080,16647,5680,34468,22020,4362,719493,19669,22826,7497,37181,32749,37722,2071000,8182,6322,38880,32577,33776,20200,18774,32449,24312,15311,45650,230381,32797,8212,8256,44337,3687,4602,605191,769734,2519,23567,17390
"51",13932,39441,56900,37501,50059,38379,11894,27648,63931,3505,659221,27152,66936,60799,47935,2265,18551,4089,91980,8727,3616,27673,1289884,36939,17515,12913,34098,9736,116019,20826,8328,243768,29340,77436,363527,22986,949032,33447,14575,95876,32751,280379,31487,9791,5131,16203,13133,1597,5137,7861,7847,40757,1566,1218796,4203,30740,15691,10951,105742,6793,80986,20572,14755,11655,34552,42201,1967071,11398,81200,48604,14459,20270,5588,131728,70933,16468,7820,10938,6149,91191,30964,14638,11156,73109,19449,5558,8062,6958,243437,14001,3758,7131,6879,106767,25050,38004,20661,197252,16729,8864,19419,18440,7858,57577,14181,19834,95011,8813,133886,98091,9634,118999,40791,58524,87032,1428630,20780,9231,21373,49621,16815,5563,34342,22770,4007,718084,19925,22910,7272,38593,33670,54414,2130000,8431,6037,39580,33031,34089,21336,19154,32617,24538,15252,45142,250584,33060,7172,7782,42753,3088,4658,623881,777746,2663,23851,17599
"52",13825,39607,56459,39047,49535,38990,11526,28473,63491,3358,688349,27382,67152,63593,51006,2280,18793,4151,92875,8839,3525,28069,1331472,36333,18190,13166,34630,9782,117788,20238,7866,247397,29843,78736,378295,23616,969731,34200,15265,95506,32482,273745,31819,9950,4906,14526,13011,1562,5405,7938,9831,43050,1497,1244479,4238,30999,16415,10826,102851,7104,82837,20686,12659,11652,34591,43848,2041895,11682,81417,47039,15114,20486,4889,129936,70778,16735,7916,10415,6050,92343,31771,14808,11193,74375,21272,5265,8302,8084,247678,14324,3690,6758,6906,109266,25992,37892,23296,206617,16986,8990,20057,18518,5970,58362,14367,20259,95589,8856,138467,98138,9803,116419,41441,60863,78393,1447262,21253,9017,20126,51468,16946,5684,33211,23082,3634,739416,19880,23618,7128,39201,34035,48213,2381000,7455,5699,40624,33416,33813,22021,19473,32910,25891,15360,51956,259118,33848,7086,7959,44529,5535,4664,648871,813661,2769,24218,17836
"53",13690,39778,58097,38704,54298,40111,11464,29920,65315,3009,715591,27603,65949,67253,52411,2271,18884,4240,88598,8842,3276,28367,1370652,37270,18391,13328,34943,10040,121188,20244,7954,250785,30416,79430,391593,24531,1004819,35616,15768,96831,33070,281453,32144,9908,4939,12987,13154,1565,5340,7992,12518,43771,1786,1277119,4283,31640,16632,11028,96449,6992,84333,20946,11266,12716,34906,45069,2057019,11858,82703,47562,15311,20622,4644,132916,71418,16875,8034,10280,6001,92781,31188,14927,11084,77573,21672,5115,8556,8768,251074,14350,3757,14199,7058,112167,26230,37478,23665,213405,17661,9129,18851,18821,13865,61000,14213,20581,95991,9002,142764,99724,9955,119269,41332,63969,81542,1466117,21910,9395,23472,52627,17018,5799,33285,24841,3664,748887,20124,23944,6349,40786,35387,47247,2443000,7749,5272,42418,44136,34712,22949,19826,33469,26177,15573,51155,272585,34089,6842,8019,44889,5041,4668,646258,820393,2860,24662,17727
"54",13835,40332,58125,39041,53927,41194,11277,62227,65238,2973,722604,28034,66381,69944,53421,2263,18461,4302,93146,8897,3075,28694,1176066,37330,18602,13686,34977,10127,123998,20325,8022,254737,30820,84474,404914,24757,1035787,42433,16493,98793,33587,287488,32454,10284,5266,11382,13470,1584,5275,8102,12223,44625,2070,1309294,4331,31897,16984,11191,92963,6882,86088,21526,9189,13152,35438,46201,2143197,12141,88988,46500,16122,20519,4613,136162,71871,22687,8194,10290,5971,93973,32207,15126,11168,78976,22425,4977,8695,8866,256456,14511,4318,13564,7570,125009,26483,36686,24105,220547,17369,9254,18963,19086,13546,63212,14461,20881,97383,9000,141615,101231,9825,119233,41970,66380,77934,1490717,22377,9586,27818,52320,17182,5756,33807,25096,18691,769308,20413,24500,6334,41939,35682,42703,2589000,7963,9051,43049,44999,35655,24466,20132,34288,26405,15975,51506,284347,34311,6444,8236,45053,5794,4715,661147,832682,2819,24900,18101
"55",14056,40698,58172,40614,53682,41794,11402,63743,65519,2899,738480,28431,66688,73254,54360,2262,18544,4388,99509,8974,2894,29139,1191404,36954,18882,14034,35513,10296,127897,20639,8173,227457,31726,84780,442373,25673,1046190,39768,17117,99000,34309,292907,32828,10649,5575,9457,13759,1584,5448,8212,11837,45431,2318,1344282,4400,32479,17470,11331,76021,6854,98143,22598,9639,13537,35415,47535,2220573,12438,91480,45533,16522,20788,4548,139367,72374,22956,8375,10429,5951,94469,32972,15015,11271,80362,23125,5229,10053,8962,260146,14738,4325,13647,7650,127803,26634,36333,24466,226441,17453,9366,18805,20031,13229,66343,13823,21209,98052,9057,142241,103329,9981,118833,42512,69520,81688,1516993,22860,9738,28758,54221,17342,5749,34108,25674,18721,783887,19878,24979,6133,43540,36606,39321,2660000,8200,8881,44314,49690,36697,25978,20494,34811,26669,16397,52829,293234,34976,5584,8554,45359,5578,4764,675571,842458,2944,25068,18342
"56",14339,41155,60035,40540,53089,43111,10496,65063,67347,3067,746177,28687,66732,75854,55557,2257,18633,4431,138497,9096,3146,29453,1182899,35046,19390,14271,35969,10304,132886,20835,8269,230731,31949,87303,431971,26439,1071360,41006,18002,102485,32875,295921,33273,11144,6068,7293,14136,1570,5443,8202,11594,45654,2664,1353481,4325,32709,17885,11085,65547,6977,99797,23223,9142,13869,36112,48933,2316615,12706,93380,38859,17017,21506,4427,138026,72301,23412,8624,10588,5950,95024,33998,14985,11386,81997,23651,6658,10391,9338,263136,15417,3966,15039,8504,131123,26902,33673,24663,232955,17525,9551,19300,20192,12462,69639,14063,21420,99696,9078,145584,104925,9785,117367,43201,72444,84181,1605366,23262,9895,29992,56645,17485,5908,32876,22868,17585,800013,19718,27132,5718,43933,39773,34633,2749000,7688,8626,45159,55493,37225,27223,20688,34479,27997,16759,51759,292584,35559,4655,8953,44721,5882,4744,685054,843451,3023,25992,18725
"57",14026,42508,61657,42903,55091,43360,11112,66046,70072,2923,745444,27996,67244,80481,57732,2347,18748,4467,138999,9249,3146,29750,1144656,39985,19852,14556,36329,10393,136677,21058,8358,232865,32361,87892,423737,27757,1100717,42244,18287,106111,32951,323080,34917,11500,6366,5488,14575,1764,5358,8267,11344,49735,2960,1392979,4362,33301,18461,11246,61832,7061,103610,23902,7245,16835,36550,50085,2459445,12960,95610,78289,17389,23161,4126,141929,72702,24063,8788,10503,5858,95753,34634,15307,11452,83830,24193,6553,10516,9617,281017,15961,4338,15503,8630,134715,26767,33590,24880,237271,18215,9652,21535,20346,11862,72154,13519,22669,105397,9128,149246,107033,9886,117057,47395,75795,86088,1676525,23374,10181,32551,58934,17594,5848,34271,24036,17826,817755,21066,27828,5643,45312,41249,33110,3191000,7940,8538,46105,58173,35327,28057,23269,36520,28729,17240,51521,321247,36223,4389,10134,45906,5765,4723,722429,886920,3110,25630,18905
"58",14216,42929,63192,44219,55220,43876,11075,67960,71799,3250,742098,27972,67645,83843,60093,2235,18985,4382,139001,9381,3040,30044,1160003,39211,20113,14839,36921,10564,139851,21815,8423,236821,32888,88192,434642,28575,1114148,44128,18610,107886,32700,328884,35523,11903,6821,4038,14562,1667,5256,8353,11130,50118,3230,1418112,4428,32817,18965,11444,55216,6884,105088,24388,6885,18048,36657,50835,2565038,12594,106485,78396,17460,23473,4024,145249,72880,24553,9035,10641,6002,96700,35446,15438,11497,85770,24517,6503,10674,9993,287276,16064,4312,20017,8436,137852,27538,30549,25405,244512,17975,9790,21247,20844,11301,74811,13954,23037,106167,9134,153439,109480,9731,117280,47267,79292,89705,1642643,23795,10281,36303,61177,17736,5796,34647,33143,18216,833935,21179,28193,5581,46903,42578,31022,3240000,8152,8154,47081,87172,36855,29797,23491,36915,28784,17518,54212,325376,36968,3491,10010,45875,5866,4797,765129,896877,3111,26254,19206
"59",14440,44566,62204,45222,55093,44772,10831,69650,71316,3116,746922,28249,67702,87043,59524,2215,19118,4496,140133,9484,2826,30410,1180072,38377,20248,15275,37363,10547,142746,22310,9529,240172,33453,89162,443364,29602,1124653,45906,18374,112800,32101,335642,36019,12288,7052,19168,14586,1600,5453,8889,10891,50551,3591,1426898,4509,34091,19471,11593,49466,6892,106927,24788,6301,18597,36222,51558,2650325,12921,108310,79465,17541,23622,3943,149062,73878,26130,9327,10745,5978,97198,31102,15443,11596,87542,25065,7152,10988,10313,293596,16439,4300,20539,8715,141030,27885,28568,25950,251662,18371,9929,21096,20740,11157,79070,14406,25057,107046,9173,150550,108492,9655,118205,47833,82775,93364,1661709,23824,10613,37351,63134,17871,5757,35073,33652,18559,851159,21263,29802,5584,48930,43716,28883,3301000,8375,7945,48077,90677,38073,31630,23932,37218,28953,17733,55329,333679,37863,3500,10183,47176,5876,4843,774648,905018,3109,27131,19515
"60",14588,45234,66153,44989,54479,44812,12973,71549,72882,4339,751887,28869,67075,89769,59556,2133,19192,3952,111509,9603,2680,30690,908723,38977,20641,17686,37806,10482,146686,22797,9699,243583,33936,90241,454634,30444,1151812,47467,19286,115185,31664,341006,36455,12656,7173,17458,14585,1175,5495,8924,10641,50244,4061,1443158,4535,34263,20141,11341,44714,7086,109353,25506,7598,19217,36464,49641,2754201,13340,108872,79592,17548,23841,4076,147811,73245,26815,9697,11069,5377,97764,32793,15519,11657,89229,30385,7801,11456,11100,299596,16307,3861,21413,8839,145271,28115,41101,26202,258134,18552,10652,20687,19686,11310,79309,14726,25177,108530,9186,154141,111095,10144,114455,48404,86618,96470,1685656,24215,11244,37972,64127,17990,5730,35842,38782,18708,866651,21345,30850,5480,48940,46028,25971,3339000,7882,7858,49380,92746,39411,32717,24356,37149,29690,17670,55499,332806,45062,2663,10242,47142,5776,4899,785502,917056,3112,27946,19707
"61",14531,45509,67558,46216,54311,45273,12674,74049,74030,4733,757828,29797,66466,93186,60682,2153,19374,4059,125378,9484,2444,30956,917659,38814,20819,18127,38183,10757,149825,22324,9819,247103,34291,90899,468926,31723,1159237,49332,18979,117326,31624,347715,37074,12867,7515,15895,14634,1155,5447,8993,10370,50993,4393,1431812,4744,34632,20582,10355,36441,7176,111611,24544,7405,19620,36763,50383,2762511,13527,97249,78773,17625,24164,4007,154089,73469,27594,9973,11499,5783,98567,33519,15576,11790,90882,30880,7915,11805,11474,306175,16392,3811,18872,9086,161695,28491,40439,26605,267489,19476,10852,20652,19778,10586,83858,14246,25276,108951,9229,157822,113263,10146,113939,46610,90780,99480,1706771,24542,11452,38003,66779,18066,5824,36424,39369,19546,882569,21473,31349,5493,51134,46751,54466,3362000,8116,7925,50395,94483,40222,33528,24731,36666,29884,17927,55985,341183,45961,2049,10779,47000,6778,5006,797528,848872,3187,28472,19990
"62",14838,46226,68457,48406,54428,44173,13555,76116,75027,4212,769424,29509,67097,96656,62507,2200,19552,4146,118766,9614,2754,31263,958971,39507,20986,18491,38522,10535,152440,21441,10100,239734,34813,92418,479578,32144,1174148,51256,19443,120003,31913,355816,37678,13439,7963,14690,14611,1006,5373,9002,14550,50783,4637,1443353,4770,34878,21043,10427,34202,7182,113706,25225,6806,20484,37140,51316,2865172,13945,102036,79855,17605,24611,4090,156849,75018,29435,10473,12489,5911,98685,34377,15711,11865,93081,31850,7940,11985,11891,314996,16601,3755,19451,9356,167598,28804,40786,27110,275350,19137,11101,20230,19927,11239,87140,14734,25842,109616,9288,161300,115886,10070,114338,47542,94867,102969,1704423,24961,11487,36381,65294,18189,6365,75529,47585,20127,889245,21497,31898,5507,53241,47284,53016,3443000,8240,7998,51861,96816,41483,35292,25049,36763,29999,18186,57808,351360,45589,10701,11253,46892,6930,5139,787270,855487,2786,29232,20244
"63",15101,51657,65427,51353,54715,45019,12618,78409,72068,4189,783152,29594,67145,98724,63338,2083,19706,3947,128658,9808,2602,31512,977356,40032,21189,19047,38847,10435,156693,21361,10105,243345,39372,94421,493411,34650,1173250,52998,19430,122671,32743,363640,38217,14014,8832,13626,14461,871,5314,8993,14154,51130,4869,1479539,4796,35476,21531,10508,32239,7835,115782,25842,7899,21169,37443,51368,2981480,14171,106170,80589,17563,25224,4267,159730,76928,30079,11170,12395,6003,98989,35590,15800,11986,95004,32046,8068,12341,12297,325862,16830,3651,24344,9492,173941,29106,41847,27752,284277,19368,11316,20058,19315,12092,90250,15135,26028,110375,9319,155125,119482,10214,115596,48405,98944,121136,1730264,25431,11732,36691,69456,18329,6874,76269,50593,20676,1448934,21481,33083,5625,54514,47537,51429,3477000,8426,8165,53168,99569,43396,36117,25329,33059,30098,18548,61065,362592,46462,9706,11431,47162,7181,5235,796321,862568,2744,30168,20564
"64",15637,51982,65989,53849,54833,45317,11991,81244,73765,5094,800544,29641,65897,102383,56453,1972,19849,3933,123811,9910,2597,31786,999698,39520,21745,20186,39631,10189,163829,21522,8442,248574,39887,90715,511146,35582,1201527,54592,19377,130462,34762,370970,39260,14545,8996,13709,14435,609,5294,8988,13693,50995,5282,1515095,4764,35656,21962,10793,36159,7688,118270,26596,7916,21774,33729,49950,3095245,14454,109619,81742,17451,25736,4290,157252,79076,30763,11661,12794,6850,99240,36456,15967,12094,96806,31915,8942,12769,14056,334626,17305,3590,25027,9586,178645,29295,37711,28014,294003,19580,11621,18809,19276,11487,91214,15745,26160,111588,9342,158533,120158,10352,116770,43752,103573,125634,1757642,25958,12007,36966,67517,18444,5860,79571,52983,20850,1475228,21564,34724,5789,54685,43954,48847,3437000,7850,8477,54512,101836,44967,37850,25520,20591,31233,18359,60814,360791,47387,7739,11728,47478,7482,5496,839139,890477,2755,30590,20846
"65",15686,52163,66642,55014,55309,45940,12001,83669,75423,5049,806973,29272,63156,105918,57759,1990,20021,3997,150557,9956,2976,32006,1008732,38071,21969,20942,40049,10216,168616,20959,8686,245041,40410,91499,615449,37141,1073568,56280,19895,131895,35565,382306,39760,14581,10023,12627,14393,520,5255,8984,19356,51418,6063,1531412,4769,36222,22406,10872,36398,7529,120339,27048,7621,22591,34331,49615,3180695,14758,111896,83924,17341,26284,4418,161258,80371,31184,11803,12136,6928,99810,37083,16097,12214,99222,36294,9006,13226,14584,342972,17514,3643,44927,9769,185358,29721,38141,28431,290627,20335,11818,20129,18983,12026,95197,15454,26377,112682,9567,161590,122013,10424,119523,44407,110506,130020,1774783,26544,12254,37712,69904,18563,5938,84588,54487,21514,1494353,21803,35373,5826,56801,46793,47590,3366000,8119,8802,56128,103011,46922,38617,25855,20816,31347,18600,70633,371337,48339,9225,11943,47623,7532,5600,849433,897980,2803,30871,21097
"66",16021,52363,67546,56615,56146,46775,11811,86473,77109,4981,831012,29521,62948,109742,58720,2066,20208,4027,164169,10000,2925,32245,1029844,37880,22115,21440,40596,10288,171950,21298,8641,248200,41086,92219,624633,35146,1105385,57987,20163,134226,36829,393632,40029,15005,10214,12067,14434,8468,5213,9020,17200,51581,6737,1586124,4821,36505,22687,10928,37099,10151,123000,27494,7661,23359,34599,50250,3265959,15165,130001,86070,17496,27063,4377,165384,82364,31857,12100,12617,7030,100926,38029,16165,12365,101670,37337,9140,12660,15082,352622,17835,3677,46061,10007,194646,30091,37825,29029,300687,20179,12483,21313,18858,13043,98702,15512,26445,113956,9580,165080,125388,10463,119213,44274,116667,134543,1808647,27154,12426,38944,67717,18708,6093,86970,56189,22654,1514826,22037,36383,5850,59030,47009,47202,3462000,8335,9040,57890,104142,48534,40340,26125,20839,31486,18900,72188,385023,49403,11258,12072,47792,7585,5726,855188,905645,2792,32209,21395
