"","ID_250476_tier_1_capital","ID_711472_tier_1_capital","ID_497954_tier_1_capital","ID_725732_tier_1_capital","ID_2791085_tier_1_capital","ID_2329200_tier_1_capital","ID_3645840_tier_1_capital","ID_777366_tier_1_capital","ID_2625724_tier_1_capital","ID_4184186_tier_1_capital","ID_3212402_tier_1_capital","ID_596277_tier_1_capital","ID_524766_tier_1_capital","ID_2857794_tier_1_capital","ID_206772_tier_1_capital","ID_625159_tier_1_capital","ID_3472859_tier_1_capital","ID_332224_tier_1_capital","ID_283438_tier_1_capital","ID_510871_tier_1_capital","ID_3146150_tier_1_capital","ID_146056_tier_1_capital","ID_70218_tier_1_capital","ID_3487947_tier_1_capital","ID_2354387_tier_1_capital","ID_534466_tier_1_capital","ID_3832127_tier_1_capital","ID_564557_tier_1_capital","ID_3690635_tier_1_capital","ID_722227_tier_1_capital","ID_3122828_tier_1_capital","ID_3216316_tier_1_capital","ID_3482045_tier_1_capital","ID_2942823_tier_1_capital","ID_2833882_tier_1_capital","ID_3447772_tier_1_capital","ID_2496081_tier_1_capital","ID_218261_tier_1_capital","ID_609467_tier_1_capital","ID_2332910_tier_1_capital","ID_935308_tier_1_capital","ID_940311_tier_1_capital","ID_680130_tier_1_capital","ID_3386264_tier_1_capital","ID_762773_tier_1_capital","ID_3296859_tier_1_capital","ID_3447875_tier_1_capital","ID_2877840_tier_1_capital","ID_2360904_tier_1_capital","ID_209362_tier_1_capital","ID_996260_tier_1_capital","ID_609609_tier_1_capital","ID_518877_tier_1_capital","ID_815754_tier_1_capital","ID_2736291_tier_1_capital","ID_1852569_tier_1_capital","ID_396253_tier_1_capital","ID_64552_tier_1_capital","ID_2794732_tier_1_capital","ID_3470154_tier_1_capital","ID_1002430_tier_1_capital","ID_3076284_tier_1_capital","ID_3546862_tier_1_capital","ID_595869_tier_1_capital","ID_382069_tier_1_capital","ID_3390337_tier_1_capital","ID_790534_tier_1_capital","ID_98717_tier_1_capital","ID_657365_tier_1_capital","ID_283867_tier_1_capital","ID_716413_tier_1_capital","ID_519360_tier_1_capital","ID_3626184_tier_1_capital","ID_536527_tier_1_capital","ID_3374878_tier_1_capital","ID_3109146_tier_1_capital","ID_71859_tier_1_capital","ID_3388165_tier_1_capital","ID_3835454_tier_1_capital","ID_3437456_tier_1_capital","ID_2785477_tier_1_capital","ID_980951_tier_1_capital","ID_50461_tier_1_capital","ID_3337097_tier_1_capital","ID_254849_tier_1_capital","ID_562076_tier_1_capital","ID_853251_tier_1_capital","ID_370833_tier_1_capital","ID_539452_tier_1_capital","ID_567905_tier_1_capital","ID_49858_tier_1_capital","ID_578237_tier_1_capital","ID_804860_tier_1_capital","ID_651121_tier_1_capital","ID_2006024_tier_1_capital","ID_2297998_tier_1_capital","ID_300063_tier_1_capital","ID_221775_tier_1_capital","ID_536059_tier_1_capital","ID_3049729_tier_1_capital","ID_230759_tier_1_capital","ID_915065_tier_1_capital","ID_2533043_tier_1_capital","ID_800853_tier_1_capital","ID_3369959_tier_1_capital","ID_3357219_tier_1_capital","ID_285759_tier_1_capital","ID_208570_tier_1_capital","ID_2877484_tier_1_capital","ID_2396592_tier_1_capital","ID_897170_tier_1_capital","ID_1001152_tier_1_capital","ID_3346633_tier_1_capital","ID_867632_tier_1_capital","ID_1945247_tier_1_capital","ID_245276_tier_1_capital","ID_364270_tier_1_capital","ID_3402913_tier_1_capital","ID_1918344_tier_1_capital","ID_3286999_tier_1_capital","ID_296456_tier_1_capital","ID_3623110_tier_1_capital","ID_779968_tier_1_capital","ID_322850_tier_1_capital","ID_1972298_tier_1_capital","ID_3468450_tier_1_capital","ID_837037_tier_1_capital","ID_663834_tier_1_capital","ID_3143805_tier_1_capital","ID_268677_tier_1_capital","ID_1462986_tier_1_capital","ID_3189063_tier_1_capital","ID_2694681_tier_1_capital","ID_1157415_tier_1_capital","ID_664653_tier_1_capital","ID_186856_tier_1_capital","ID_956750_tier_1_capital","ID_26176_tier_1_capital","ID_3650442_tier_1_capital","ID_842460_tier_1_capital","ID_671464_tier_1_capital","ID_515054_tier_1_capital","ID_3488980_tier_1_capital","ID_365745_tier_1_capital","ID_827560_tier_1_capital","ID_1169650_tier_1_capital","ID_163857_tier_1_capital","ID_55635_tier_1_capital","ID_3561771_tier_1_capital","ID_3547896_tier_1_capital","ID_816210_tier_1_capital","ID_1493319_tier_1_capital","ID_197478_tier_1_capital","ID_299868_tier_1_capital","ID_3394380_tier_1_capital","ID_533124_tier_1_capital"
"1",NA,97266,2532,36194,5936,5520,NA,31984,8215,NA,NA,NA,2579,5691,9155,19397,NA,16956,12010,359543,NA,2647,7373,NA,7689,5319,NA,10348,NA,7355,NA,NA,NA,NA,5831,NA,6569,4117,13045,30829,9698,1222000,20914,NA,NA,NA,NA,6230,3661,3002,136621,13709,NA,4197,365749,8688,6760,603,2032,NA,19770,NA,NA,202068,17019,NA,28706,13216,87423,8447,153994,4429,NA,18448,NA,NA,616,NA,NA,NA,3229,7058,13314,NA,7756,NA,4164,1504,5767,12084,2544,2842,7962,13380,6628,15137,16931,NA,36558,NA,44562,26304,3255,8338,NA,NA,5960,NA,9601,2267,NA,294321,NA,16207,6709,130605,NA,NA,52892,NA,6525,NA,11957,13077,6231,NA,13212,247978,NA,NA,6550,NA,14636,10371,1382,3023,2752,NA,NA,25848,45065,12988,NA,5661,47092,11845,7588,3521,NA,NA,549245,NA,191201,23540,NA,10702
"2",NA,97323,2601,37502,6871,5695,NA,32178,8344,NA,NA,NA,2523,5675,9234,20209,NA,16595,12383,452112,NA,2712,7574,NA,7955,5452,NA,11484,NA,7392,NA,NA,NA,6154,5983,NA,6615,4241,13175,31107,13991,1259000,21475,NA,NA,NA,NA,6237,3800,3037,142086,14034,NA,4303,369717,8838,6692,591,2078,NA,20255,NA,NA,210329,17783,NA,30025,13427,91747,8785,156303,4519,NA,19201,NA,NA,619,NA,NA,NA,2901,7411,13664,NA,8232,NA,4235,1344,5842,11091,2590,2869,8127,13568,6837,15519,17234,NA,37104,NA,44284,25937,3998,8095,NA,NA,6094,NA,9703,2350,NA,296899,NA,14376,6710,115301,NA,NA,53104,NA,6758,NA,12257,13078,6368,NA,13626,257071,NA,NA,6563,NA,14811,10744,1402,3092,3912,NA,NA,26965,47105,13167,NA,5790,48035,12263,7770,3569,NA,NA,556383,NA,206128,23784,NA,11249
"3",NA,97771,2742,39340,6818,5878,NA,32586,8503,NA,NA,NA,2572,5714,9284,21135,NA,16740,15691,466284,NA,2749,7737,NA,8130,5616,NA,14315,NA,7261,NA,NA,NA,5586,7536,NA,6667,4260,13269,31352,14447,1294000,21141,NA,NA,NA,NA,6292,3937,3094,148029,14314,NA,4655,375873,9028,7021,607,2107,NA,20889,NA,NA,214623,18739,NA,31069,13689,96482,9021,159648,4575,NA,19555,NA,NA,610,NA,NA,NA,2619,7822,13995,NA,11077,NA,4244,1313,6060,11421,2648,2921,8269,13925,6987,15199,17512,NA,36745,9497,46630,26046,4327,8296,NA,NA,6258,NA,9805,2425,NA,309728,NA,17004,6481,118984,NA,NA,55137,NA,6990,NA,12394,13122,6547,NA,13859,255189,NA,NA,6588,NA,15057,10899,1394,3432,3997,NA,NA,27947,49282,13044,NA,6085,46997,12704,7949,3871,NA,NA,565895,NA,216123,23930,NA,11744
"4",NA,80155,2774,40359,6826,6106,NA,32200,8536,NA,NA,NA,2604,5972,9451,20034,NA,17011,16334,481762,NA,2579,7885,NA,8490,5797,NA,15556,NA,6816,NA,NA,NA,5205,7682,NA,6257,4401,9986,31388,16338,1182000,22106,NA,NA,NA,NA,6304,4061,3096,154412,14752,NA,4696,393466,8686,7301,604,2667,NA,21154,5989,NA,224259,19737,NA,29041,14141,100345,9330,161400,4656,NA,20313,NA,NA,634,NA,NA,NA,3106,7547,14326,NA,11298,NA,4430,1512,5088,12769,2739,3014,7852,14185,6852,15600,17864,NA,36128,9153,40822,25770,4382,8248,NA,NA,5889,NA,9940,2285,NA,336486,NA,16267,6051,128462,NA,NA,57032,NA,7112,NA,12504,9474,6448,NA,14057,259118,NA,NA,6628,NA,15311,10947,8031,3411,3893,NA,NA,29211,51151,13430,NA,6063,49853,13005,8129,3916,NA,NA,566139,NA,228691,24578,NA,11977
"5",NA,82889,2893,41148,6892,6301,NA,34317,8700,NA,NA,NA,2646,5882,9581,21636,NA,17090,16797,489828,NA,2633,7998,NA,8713,6023,NA,17261,NA,6835,NA,NA,NA,4859,7988,NA,6193,4957,10150,31285,16693,1219000,21564,NA,NA,NA,NA,6239,4219,3119,159870,15033,NA,4944,398950,8819,7710,2770,2720,NA,21626,5577,NA,230619,18893,NA,31614,14473,104494,9628,161459,4717,NA,20926,NA,NA,634,NA,NA,NA,3395,7548,13742,NA,11800,NA,4425,2047,5388,13309,2839,3107,8092,14526,7459,16186,18326,NA,36751,8947,43318,26162,4444,8730,NA,NA,6048,NA,10016,2363,NA,347233,NA,16183,5880,138872,NA,NA,58762,NA,7231,NA,10198,9833,6647,NA,14244,265677,NA,NA,6645,NA,15773,11467,7670,3530,3860,NA,NA,33116,53072,13430,NA,5982,50553,12565,8188,4025,NA,NA,578240,NA,239502,24871,NA,12322
"6",NA,83023,2952,41656,6935,6534,NA,36408,8933,NA,NA,NA,2694,5891,9782,23392,NA,17033,17414,506403,NA,2684,8197,NA,8921,6207,NA,16483,NA,6902,6324,NA,NA,4475,8252,NA,6220,4803,10316,31415,16214,1117000,22129,NA,NA,NA,NA,6281,4296,3082,162010,15486,NA,5033,420573,9064,8113,2717,2784,NA,21758,5207,NA,242908,20283,NA,32869,14332,107547,10198,164047,4791,NA,21344,NA,6382,645,NA,NA,NA,3233,7945,13200,NA,12264,NA,4433,1941,5438,13655,2920,3128,8254,14750,7696,16097,18937,NA,37485,8824,45916,26964,4465,8488,NA,NA,6181,NA,10168,2429,NA,366375,NA,16278,5861,146785,NA,NA,58989,NA,7517,NA,9592,9630,6845,NA,14470,310120,NA,NA,6596,NA,15929,11576,7229,3606,3830,NA,NA,39649,55377,13423,NA,6131,49938,13103,8492,4167,NA,NA,581188,NA,250633,25335,NA,11886
"7",NA,82550,2961,43254,6968,6791,NA,36663,9195,NA,NA,NA,2711,6618,10000,25425,NA,17156,17833,622362,NA,2732,8113,NA,9598,6378,NA,18072,NA,7024,6186,NA,NA,4124,8771,NA,6306,4869,9829,31650,18341,1233000,27042,NA,NA,NA,NA,6420,5481,3014,168271,15825,NA,5371,427626,9161,8403,2645,2857,NA,22058,5042,NA,253429,23571,NA,33412,14537,112743,10563,166737,4871,NA,21704,NA,6288,657,NA,NA,NA,3260,8360,13143,NA,12656,NA,4430,1942,5376,14147,2952,3230,8422,15242,8228,16944,19576,NA,38073,8853,49045,27032,4515,8544,NA,NA,6309,NA,10591,2414,NA,397799,NA,17220,6112,158932,NA,NA,61139,NA,7790,NA,9439,10051,7007,NA,14698,323509,NA,NA,6646,NA,16062,12192,6426,3708,3942,NA,NA,41902,59904,13613,NA,6302,48535,13502,8589,4308,NA,NA,572172,NA,259237,25840,NA,12249
"8",NA,79972,3047,40565,7028,7000,NA,37738,9359,NA,NA,NA,2683,6633,10166,27451,NA,17257,18958,632478,29067,2573,8112,NA,10414,6605,NA,19989,NA,6804,6207,NA,NA,4489,9322,NA,5804,4807,9578,31826,22007,1255000,27775,NA,NA,NA,NA,6548,5701,3032,175048,12751,NA,5299,436264,9230,8442,2771,2803,NA,22374,6200,NA,262874,25203,NA,35295,15150,117645,10954,166632,4991,NA,21976,NA,6496,649,NA,NA,NA,3241,8343,13416,NA,13046,NA,4702,1904,5419,16531,3030,3406,7913,15540,8241,16662,19761,NA,38267,8810,52095,27249,4676,8485,NA,NA,6042,NA,10471,2419,NA,409373,NA,17196,6037,164437,NA,NA,59620,NA,7865,NA,14591,9734,7081,NA,14908,323782,5991,NA,6662,NA,15725,11744,5366,3644,4069,NA,NA,43233,63394,13845,NA,6138,51640,13818,9014,4436,NA,NA,547970,NA,278256,26314,NA,12332
"9",NA,81043,2974,41571,9994,7246,NA,38149,12735,NA,NA,NA,2717,6628,10246,29386,NA,17500,19527,655288,29158,2620,8140,NA,11180,6859,NA,21673,NA,7009,6242,NA,NA,4324,9638,NA,5763,4844,8925,32053,23098,1303000,27422,NA,NA,NA,NA,6610,6847,2974,181742,13315,NA,5390,444700,9535,8649,2835,2833,NA,22717,6176,NA,272962,26885,NA,35386,15421,121933,11378,165476,5083,NA,22299,NA,6800,638,NA,NA,NA,3247,8308,12904,NA,13277,NA,4729,1946,5462,17003,2933,3500,8056,15960,8781,17354,20370,NA,38692,8821,54952,27705,4863,8954,NA,NA,6249,NA,10131,2473,NA,429652,NA,17552,5935,209016,NA,NA,61463,NA,8085,NA,14997,9908,7293,NA,15118,319759,5597,NA,6747,NA,15834,12666,4770,3782,4235,NA,NA,45656,66252,14012,NA,6350,39258,13693,9142,4549,NA,NA,547586,NA,280187,26581,NA,12489
"10",NA,81179,2984,44168,12202,7527,NA,39125,13087,NA,NA,NA,2790,10675,10410,31263,NA,17706,19987,662313,29435,2681,8155,NA,11738,7115,NA,26478,NA,6933,6314,NA,NA,4776,10866,NA,5760,4910,7526,32294,22733,1324000,28086,NA,NA,NA,NA,6690,7124,2933,186852,13815,NA,5493,454916,10985,8881,3594,2882,NA,22948,6266,NA,282591,28507,NA,35080,15697,127107,11909,167094,5174,NA,22941,NA,7207,647,NA,NA,NA,3324,8647,12820,NA,13543,NA,4748,1962,5346,17035,2810,3545,8206,16262,9103,18253,20700,NA,39119,8877,57556,27974,5039,8944,NA,NA,6365,NA,10185,2519,NA,453329,NA,17557,5747,186309,NA,NA,62442,NA,8423,NA,15166,9655,7489,NA,15345,334059,5229,NA,6803,26204,16012,13489,4256,3822,4355,NA,NA,52641,68992,14197,NA,6444,42602,14117,9352,4680,NA,NA,541168,NA,293939,26832,NA,12879
"11",NA,64671,2954,45823,13104,7825,NA,39663,13058,NA,16870,NA,2837,10770,10506,33252,NA,17987,22531,829414,54333,2680,8297,NA,12847,7413,NA,27343,NA,6968,6452,NA,NA,4556,11259,NA,5116,4965,9058,32415,24541,1351000,27420,NA,NA,NA,NA,6729,7309,2932,191866,16829,NA,5689,471477,11249,8962,3693,2929,NA,23045,6466,NA,291023,30442,NA,36632,15933,131227,12359,170098,5222,NA,22997,NA,7398,637,NA,NA,NA,3390,8919,13175,NA,13853,NA,4836,1970,5411,17637,4599,3641,8356,16719,9422,18154,21210,NA,39542,8921,60644,28309,5233,9028,NA,NA,6498,NA,10327,2374,NA,478497,NA,17499,5537,192544,NA,NA,64806,NA,8607,NA,15243,9751,7784,NA,15594,354349,4909,NA,6882,25330,16029,14209,3877,3919,4405,NA,NA,54860,73429,14425,NA,6578,44389,14475,9661,4792,NA,NA,537969,NA,308528,27114,NA,13323
"12",NA,65040,2845,48118,17963,8069,NA,40641,13227,NA,15879,NA,2574,11416,10598,34895,NA,18269,22742,867025,65693,3146,8224,NA,13916,7253,NA,29194,NA,6606,8018,7477,NA,4310,11517,NA,4897,4970,9458,32925,24835,1698000,27536,NA,NA,NA,NA,6864,8446,3032,194517,17417,NA,5606,486074,11521,9399,5575,2893,NA,23086,14647,NA,375543,32503,NA,37940,16480,135814,12680,173977,5374,NA,23212,NA,11334,633,NA,NA,NA,3483,9090,13683,NA,14013,NA,4825,1926,5290,18134,4452,3729,7930,17101,10647,18391,21314,NA,40387,9024,63442,28565,5499,8930,NA,NA,6206,NA,10115,2396,NA,502536,NA,18405,5120,206970,NA,NA,67587,NA,8707,NA,15396,9578,7978,NA,15643,358532,4570,NA,6945,24708,16584,14256,5181,3771,4440,NA,NA,58075,94841,14451,NA,6637,46161,14092,10105,4888,NA,NA,464364,NA,334014,27715,NA,18915
"13",NA,64452,2913,50696,17961,8356,NA,40601,13617,NA,15617,NA,2622,11470,10674,36588,NA,18746,22920,886302,68105,3153,8203,NA,14398,7576,NA,30360,NA,6669,8635,7157,NA,4161,11915,NA,4913,5054,10910,33465,26635,1751000,27704,NA,NA,NA,NA,7075,8642,3017,194660,18027,NA,5795,497861,11826,9819,7764,2878,NA,23391,14814,NA,397248,34118,NA,39629,16725,140562,13130,170749,5636,NA,23727,NA,11477,621,NA,NA,NA,3561,8977,13887,NA,14293,NA,4755,1955,5371,18567,4370,3755,8102,17623,10982,19498,21746,NA,40758,9174,65846,28876,5663,9429,NA,NA,6414,NA,10444,2440,NA,525261,NA,18854,5182,223507,NA,NA,70298,NA,8908,NA,15542,9775,8194,NA,15837,376006,4296,NA,6733,24266,16769,15484,4952,3902,5159,NA,NA,68850,97887,14328,NA,6775,47330,14467,10492,4989,NA,NA,490547,NA,378762,27980,NA,18996
"14",NA,66317,3008,51658,17966,8624,NA,41413,14007,NA,15822,NA,2656,11631,10678,28147,NA,18773,23429,1007891,84809,3195,8267,NA,14859,7931,NA,30747,NA,6820,8797,6949,NA,3969,12405,NA,4880,5114,12592,34080,27334,1752000,27722,NA,NA,NA,NA,7339,8832,3008,200098,18736,NA,5864,511740,12172,10134,7886,2895,NA,23536,15290,NA,421192,25754,NA,43417,16997,234198,13583,173650,6465,NA,23697,NA,11594,632,NA,NA,NA,3645,9418,14136,NA,14651,NA,4778,1961,5344,18850,4328,3822,8266,18028,11589,20421,22287,NA,41268,9231,68133,29049,5805,9209,NA,NA,6551,NA,10396,2403,NA,464382,NA,19171,5469,222970,NA,NA,70327,NA,9075,NA,15893,9720,9319,NA,16030,398296,4090,NA,6811,23981,17053,16175,5059,3925,5504,NA,NA,74718,98477,14578,NA,6766,48763,14765,10540,5073,NA,NA,496492,NA,406478,28267,NA,19382
"15",NA,64586,3040,54233,18252,8899,NA,42314,14332,NA,16497,NA,2754,12399,10770,30149,NA,19323,23994,1041634,88972,3154,8346,NA,15595,8058,NA,31926,NA,6958,9193,6717,NA,3871,12807,NA,5163,5212,12413,34674,29002,1796000,28256,NA,NA,NA,NA,7500,9109,3037,204641,19349,2715,5947,683028,12523,10530,7993,2944,NA,23682,15709,NA,444556,27036,NA,56226,17200,246281,14131,173006,8668,NA,24001,NA,11764,641,NA,NA,NA,3755,9797,13759,NA,13748,NA,4889,2094,5402,19323,4246,3914,8425,18657,12854,21184,22712,NA,42150,9413,70880,29450,5929,9273,NA,NA,6775,NA,10493,2486,NA,460057,NA,19588,7001,242503,NA,NA,73373,NA,9234,NA,16077,9772,9513,NA,16243,417567,3912,NA,6836,24234,17369,17213,6515,4013,5632,NA,NA,77891,102664,14652,NA,9034,51956,15169,10801,5346,NA,NA,514020,NA,462042,28571,NA,19866
"16",NA,65127,3007,55804,20841,9096,NA,42580,13829,NA,16954,NA,2682,16971,10890,32970,NA,18685,23263,1079355,90353,3550,8473,NA,16211,8095,NA,34103,NA,6255,9467,6649,NA,3839,13187,NA,4420,5270,12140,35576,29378,1398000,28944,NA,NA,NA,NA,7726,9410,3501,210099,19943,2753,5907,690257,12774,10595,7990,2964,NA,23954,15968,NA,469086,28543,NA,59173,17554,252573,14739,176078,8823,NA,24238,NA,11862,632,NA,NA,NA,3884,10123,14078,NA,14141,NA,5119,2061,5270,19771,4196,3997,7938,19219,9950,21352,22704,NA,43593,9586,62911,30071,5887,9260,NA,NA,6453,NA,10118,2639,NA,468510,NA,19782,6945,256954,NA,NA,76675,NA,9090,NA,15823,9359,9729,NA,16569,444842,8317,NA,6911,24346,17890,17666,6437,3871,6244,NA,NA,82302,106578,14843,NA,9368,52854,14734,10806,5851,NA,NA,545602,NA,498396,29248,NA,20218
"17",NA,65626,3062,57210,20943,9326,NA,43338,16433,NA,17393,NA,2705,17243,10942,34624,NA,18785,24125,1110347,91293,3562,8537,NA,16816,8382,NA,34468,NA,6272,9764,6605,NA,4064,13657,NA,4792,5382,11902,36318,31993,1453000,29704,NA,NA,NA,NA,7866,10671,3586,214966,20632,2787,6006,765987,13110,10733,8039,3054,NA,24218,16387,NA,496565,29978,NA,62359,17815,266007,15308,178675,9078,NA,24481,NA,11906,630,NA,NA,NA,3967,10278,14394,22673,14488,NA,5196,2118,5272,20507,4231,4040,8089,19841,10339,22255,21695,NA,44620,9680,65303,30637,5975,9910,NA,NA,6662,NA,10497,2742,NA,503307,NA,20198,7000,264657,NA,NA,114488,NA,9185,NA,15874,9623,9825,NA,16952,464213,8142,NA,7040,24633,18534,19058,6394,3962,6428,NA,NA,86005,111182,14654,NA,9501,53855,15674,10964,5924,NA,NA,542432,NA,521085,29058,NA,19979
"18",NA,66385,3145,58047,21027,9598,NA,44200,16716,NA,31404,NA,2781,19776,11076,35150,NA,19237,24698,1148869,92698,3575,8617,NA,17457,8639,NA,40239,NA,5668,10055,6660,NA,4261,14354,NA,4560,5450,12407,37225,33085,1519000,30518,NA,NA,10954,NA,12024,10980,3653,217308,21406,2951,6105,786184,13539,10783,8196,3148,NA,24641,17047,NA,525779,30179,NA,76002,18072,283530,15992,176359,9287,NA,24512,NA,12047,634,NA,NA,NA,4044,10698,14920,21247,14145,NA,4834,2158,5312,20432,4237,4136,8242,20219,10557,23234,22189,NA,45643,9794,62461,31374,6100,9656,NA,20991,6829,NA,10522,2749,NA,526359,NA,20786,7095,282599,NA,NA,117294,NA,9331,NA,16231,9744,9853,NA,17265,487645,7941,NA,7085,25115,19265,30091,7177,3944,7487,NA,NA,90082,117527,14707,NA,9627,55333,16508,11103,6183,NA,NA,565732,NA,545857,29306,NA,20226
"19",NA,69972,3442,60464,21176,9851,NA,45355,17088,NA,32158,NA,2817,20264,11236,36533,NA,19520,24140,1187307,95350,3632,8705,NA,18140,8928,NA,41591,NA,5570,10399,6773,NA,4260,15134,NA,4754,5577,12288,38246,35082,1557000,31195,NA,NA,10768,NA,12442,11243,3714,223044,22178,2987,6110,811254,13935,10915,8291,3126,NA,25110,17641,NA,557558,31431,NA,77517,18309,276940,17087,175352,9558,NA,24797,11775,12258,628,NA,NA,NA,5164,11217,15355,20969,14429,NA,4479,2197,5339,21037,4064,4222,8399,20802,11023,24169,22711,NA,45837,10033,64738,32295,6226,9759,NA,20025,7045,NA,10542,2826,NA,559440,NA,21391,7176,290053,NA,NA,120695,NA,9532,NA,21589,9759,10068,NA,17610,511662,7741,NA,7161,25734,20081,30524,7794,3997,7656,NA,NA,96911,123955,14832,NA,9686,56503,16970,11277,6284,NA,NA,569244,NA,602200,29624,NA,20558
"20",NA,70722,3616,61274,21307,10121,NA,46689,17125,NA,32367,NA,2982,35140,11547,38020,NA,20309,21577,1284693,98132,3618,8795,NA,19015,9314,NA,42624,NA,4929,10791,7011,NA,4494,15813,NA,4853,5650,12879,38696,37654,1611000,32128,15483,NA,10652,NA,12997,11525,3649,228044,23446,3954,6059,844109,14334,12083,8221,3398,NA,25537,17954,NA,587788,32367,17606,81888,18660,290983,17656,161365,9605,NA,25616,11306,12348,615,NA,NA,NA,5612,11755,16055,20807,14444,NA,9868,2211,5406,21381,4282,4393,7938,21136,13173,24578,22977,NA,47427,10257,67058,33363,6384,9832,10922,18953,6253,NA,10124,2917,NA,565312,NA,21713,6820,299757,NA,NA,124793,NA,9739,NA,21906,9705,10458,NA,17893,536967,7497,NA,7257,26311,20940,28888,8845,3857,7663,NA,NA,104785,130162,14955,NA,9327,55508,15945,11616,6270,NA,NA,572104,NA,634959,30325,12916,21297
"21",NA,72441,3620,63534,21247,10324,NA,48371,17703,NA,33020,NA,3078,35939,11639,39550,NA,20958,20723,1256334,100965,3630,8988,NA,21022,9653,NA,43979,NA,4950,11161,11317,NA,4633,16395,NA,4639,5827,12727,39779,38087,1666000,33027,15095,NA,10689,NA,17680,11674,3728,234464,23974,3957,6086,866940,14826,12236,8289,3759,NA,25959,18449,NA,616119,33425,17258,96273,18916,304192,22202,159531,9907,NA,25961,11010,12469,620,NA,NA,NA,5602,11896,16667,20917,14628,NA,9690,2209,5345,21927,5830,4430,8114,21658,13489,25390,23565,NA,48891,10269,69465,34461,6536,10588,10446,18838,6469,NA,10139,3012,NA,573215,NA,22103,6968,304029,NA,18986,129057,NA,9795,NA,27237,9757,10569,NA,18322,559525,7335,NA,7348,27130,23831,30997,9032,3870,7799,NA,NA,108694,136645,14830,NA,8797,56635,16463,11569,6430,NA,NA,569651,NA,722189,30596,12442,21118
"22",NA,73467,5109,64363,21436,10545,NA,49408,18609,NA,33641,NA,3197,36419,11808,40962,NA,21154,21783,1289120,130186,3682,9161,NA,21847,9823,NA,44133,NA,3869,11503,11650,NA,6108,17254,12974,4601,5992,12636,40855,37835,1711000,33234,14977,NA,10804,16092,18596,11812,3760,243170,24710,3904,6122,889150,15497,13129,8371,3832,NA,26464,18921,NA,630921,34199,16794,98383,19159,323344,23521,157601,10181,NA,26008,10877,12646,604,NA,NA,14447,5818,12480,17311,21112,14768,NA,8704,2196,5364,21834,5835,4403,8290,21925,13885,26146,24190,NA,50666,10533,71696,35662,6725,10448,9988,18543,6639,NA,10137,3125,NA,574249,NA,22654,7019,306251,NA,18487,134932,NA,9757,NA,27239,9741,10701,NA,18726,583915,15451,NA,7343,27921,25487,33345,9126,3831,8589,NA,NA,112828,143113,14934,NA,8772,61312,17476,11476,6408,NA,NA,569731,NA,779960,30723,12139,21537
"23",NA,74759,5208,66370,21623,10767,NA,50588,19807,NA,34481,NA,3362,36920,11986,42324,10073,21556,22171,1303935,157153,3677,9241,NA,22712,10054,NA,45440,NA,3693,11804,11956,NA,6592,17919,12535,5114,6237,13053,41932,38712,1714000,34123,14972,NA,11102,20215,19486,12274,3883,249450,25572,4037,6222,910040,15980,15515,8504,4192,18703,27104,25374,NA,665653,34905,16656,113255,19328,338464,25062,155117,10455,NA,26195,10821,13029,618,14566,NA,14286,5824,12951,17931,37662,15093,NA,8222,2425,5421,22208,5829,4643,8466,22545,14261,26924,25062,NA,51290,10795,73808,36920,6845,10868,9655,18477,6805,NA,10125,3255,NA,586010,3341,23153,7072,311165,NA,18124,140723,NA,9942,NA,28627,9838,10905,NA,19053,608992,15262,NA,7375,28738,28802,36315,9259,3918,8862,NA,NA,117088,148557,15025,NA,8689,62390,18183,11618,6936,NA,NA,581125,NA,816362,30772,11821,21914
"24",NA,76058,5209,69998,21742,10821,NA,52327,21308,NA,35568,NA,3436,37126,12228,43631,9180,21713,24043,1258074,164109,3698,9296,19479,23653,10264,NA,47490,NA,2580,12181,12302,NA,7117,18444,12140,4929,6288,13186,42891,39517,1701000,35197,14763,NA,11109,19616,19908,12724,5854,243794,27852,4075,6179,944506,16383,14920,8436,4275,17934,27443,26034,15692,670206,35847,16654,119427,19590,346713,26080,151930,10676,NA,26265,10737,16609,597,14727,NA,14291,5795,13249,18053,39008,14980,NA,6614,2380,5380,25460,5767,4769,7945,22964,14266,27583,25218,NA,52142,10927,75934,38506,6916,10516,9200,17255,6628,NA,10125,3406,NA,578414,3138,23752,7150,287560,NA,27735,146350,NA,12475,NA,29278,9854,11189,NA,19464,624269,15538,NA,7389,29280,29768,47896,9396,3727,9413,NA,NA,122286,155033,15030,27374,8520,63874,17089,11883,6983,NA,NA,583833,NA,855829,31228,11705,22663
"25",NA,74987,5316,72022,21833,11002,NA,53287,21959,NA,36438,NA,4166,40642,12293,43994,8949,21951,24275,1429016,170323,3644,9367,19322,25298,10455,NA,48712,NA,2399,12511,12554,9965,7433,19093,11880,5302,6519,13250,44024,40195,1742000,35747,14870,NA,11145,19159,19927,12878,5909,249623,28546,4077,6207,1019436,17347,15127,8515,6495,17317,27889,26597,15247,668570,30641,16768,121296,19810,358548,27431,143786,10995,NA,26610,10669,16816,571,14935,NA,14806,5651,13199,18694,39680,15364,NA,6344,2427,5342,25360,5705,4805,8109,23412,14766,26642,25603,NA,53127,11051,77545,40248,7021,11378,16114,16734,6891,NA,10158,3591,NA,601870,3044,24297,7220,297695,NA,27445,152941,4688,12695,NA,35105,9840,11438,9884,19808,643340,15787,NA,7412,31704,30727,50449,9512,3750,9628,NA,NA,127008,160298,14921,26718,8888,63862,17612,11956,7097,9948,NA,589957,NA,888324,31509,11567,22070
"26",NA,76087,5357,72983,21894,11245,NA,55223,23065,NA,37001,NA,4275,40959,12441,45463,8998,22024,24161,1426442,172540,3611,9430,19585,26369,10667,NA,55110,NA,2175,12825,12783,9892,7131,19823,11495,5180,6685,13300,45205,39649,1765000,30584,21650,NA,11320,18660,22201,12946,6951,247043,29506,4138,6285,1012340,17879,15621,8604,6737,17290,28250,27166,14874,703128,31678,17054,124437,19986,345638,28830,140661,11296,NA,26745,10551,17017,576,14936,NA,15431,5443,13543,19288,40345,15994,NA,6079,2450,5393,27314,5874,4865,8242,23633,15336,34299,26023,NA,54159,11170,80705,41680,7136,11149,15689,16074,7082,NA,10167,3813,NA,608319,2916,24930,7308,302161,NA,27078,158761,4725,12908,NA,35203,9825,11543,9673,20031,609682,15921,NA,7425,33305,31779,53570,9374,3768,9955,NA,NA,131496,164851,15040,25991,8959,64796,18252,12069,7197,9182,NA,582228,NA,914517,31614,11411,22525
"27",NA,77096,5659,74715,21576,11443,NA,56557,23389,NA,37271,NA,4452,41355,12560,47184,9123,22347,25004,1412990,174625,3625,9479,19863,27410,10921,NA,56020,NA,1955,13141,13004,9668,7471,20674,11263,5403,6954,13475,46438,39938,1782000,31308,21849,NA,11413,18077,22732,13176,7058,261693,30297,4213,6309,1027917,17543,15660,8681,7143,17052,28342,27563,14435,730284,31873,17306,127115,20164,340081,30208,134464,11558,NA,27035,10517,17280,241,14800,NA,26035,5305,13834,19832,40978,15836,NA,7351,2585,5386,27953,6133,4985,8408,24214,15352,34899,26248,NA,55353,11395,83876,43247,7159,11443,15356,16080,7324,NA,10243,4071,NA,611890,2828,25546,7356,315748,NA,26795,161003,5186,13074,21185,36327,9871,11832,9582,20134,620099,15837,NA,7450,34078,32786,52886,9656,3783,10950,NA,NA,136973,170719,15144,25802,9036,65891,18721,12263,7263,8483,7757,573275,NA,940359,31691,11243,22831
"28",NA,78285,4846,75682,21713,11158,NA,58087,23620,NA,43188,NA,4185,46496,12706,45045,9213,22243,25208,1422375,177731,3644,9460,21095,27849,11266,NA,57518,NA,1452,13453,13262,9375,7889,21250,10944,5207,7070,13824,47447,39806,1498000,32351,21862,NA,11614,17413,23491,13935,7020,265338,30609,4248,6319,976878,17769,16024,8756,7149,16646,29031,27668,14160,750698,33845,17855,123350,20886,333050,29099,140348,11988,3157,27184,10505,17437,524,14739,NA,31511,4463,14251,20497,40742,15827,NA,9885,2583,5361,28502,6703,5152,7947,24504,14365,34060,26155,NA,56166,11622,71594,44298,7616,11279,14960,12794,7282,NA,10126,4150,NA,625133,2745,27193,7403,331552,NA,26623,152763,5265,13234,20722,47838,9908,12128,9362,19648,525640,15788,NA,7462,34876,43233,52082,10353,3648,11128,NA,12229,142957,169429,15038,25266,8783,67172,19297,12523,7342,7751,7564,573022,NA,968285,31787,10716,23431
"29",NA,78963,4203,76244,21862,11394,26106,58632,24763,NA,43844,NA,5368,46529,12719,46707,9270,26898,24980,1440265,179028,3672,9526,21353,27609,11521,NA,57721,22291,1319,13719,13401,9310,8248,21648,10753,5092,7406,13852,48025,39320,1597000,32930,22673,NA,11702,16837,23706,14235,7112,267846,31002,4408,6447,996175,17905,16210,8833,7138,16542,29073,27809,13893,772228,35430,17939,123341,21031,336042,29684,128343,12139,3038,26803,11776,17797,507,14775,NA,32037,4884,14377,21040,41239,15718,NA,9559,2654,5362,28863,6954,5127,8095,25076,14556,45755,26299,NA,57195,11703,74399,45651,7440,12006,14593,13493,7556,NA,10142,4408,NA,652603,2663,28103,7381,333780,NA,26406,150745,5325,13381,20477,48732,9804,12342,9104,19712,500523,15635,NA,7478,35303,44424,55517,9623,3790,11233,NA,11897,147429,173317,15020,24871,8682,67356,19424,12803,7428,7029,7395,576721,NA,968247,31631,10464,23484
"30",NA,78509,3285,77295,21866,11624,25640,58867,25730,NA,47672,NA,5561,47032,12863,48164,9518,23995,27230,1427403,179408,3604,9526,21620,29887,11833,NA,60688,21677,1172,13947,13543,9120,10109,21944,10429,4856,7697,13897,48773,39981,1608000,32291,22864,NA,11580,16186,24529,14646,7184,251080,31301,4460,6502,951512,17528,16942,8872,6858,16342,28997,28150,13559,786779,36952,17991,154441,21146,334749,30246,123863,12594,2922,26943,11854,18284,512,14780,NA,32718,5067,14559,21472,41631,15548,NA,8990,2844,5380,29111,7160,5323,8268,25445,15138,47138,26331,NA,58273,11773,77284,46609,7111,11659,14264,15735,7774,NA,10151,4634,NA,658724,2625,28825,7392,335432,NA,26102,152000,5397,13610,20154,49795,9912,12585,8729,19539,457814,15514,NA,7485,35144,45373,60236,12022,3824,11656,NA,11623,158156,179646,15270,24185,8663,67829,20045,12766,7534,6505,7219,568622,NA,1141177,31684,10094,23774
"31",NA,79331,2755,77932,21871,11832,25198,59625,26937,NA,51834,NA,5758,47269,13013,49704,9819,23068,26814,1427609,179493,3574,9325,21780,36800,12212,NA,63213,21169,1918,14178,13537,12876,11264,21919,10139,5268,8026,13841,46796,11754,1598000,32939,23247,NA,11214,15708,24997,14903,7326,250771,35036,4541,6898,923165,17387,17027,8933,6763,16219,28851,29521,13079,801115,38730,17608,153111,21291,337608,29944,180639,13095,2797,27580,11774,18604,636,13936,NA,33443,4972,14776,21708,41885,15513,NA,7808,3012,5370,30208,7125,5564,8439,25984,16157,45807,26442,NA,59337,11869,80577,47153,7051,11522,12620,15821,7989,NA,10527,4892,NA,682805,2598,29057,7091,279538,NA,25673,148033,5447,13863,19885,81819,9882,12827,8467,20270,487589,15963,NA,7502,34459,61675,62066,11645,4072,12670,NA,11412,161667,181392,15163,23819,8715,67936,19394,12873,7567,8506,7120,546042,NA,1114877,31478,9658,24646
"32",NA,80453,3077,78391,21714,11353,24712,59825,27629,NA,65583,NA,5851,47788,13180,51427,9925,23233,28419,1438265,181985,3585,9558,21664,35401,12469,14670,62577,20702,2141,14400,14390,11048,11315,22471,9764,4838,8074,13474,47770,35481,1518000,32850,23158,NA,11277,14517,24668,15496,7249,241378,36499,4767,7036,899443,17404,17137,8104,6380,16042,29251,28620,12095,1012165,40634,15198,180098,21422,334628,29864,177790,13459,2625,27517,11610,24793,598,13749,69090,33586,4816,14916,21977,41358,14179,NA,6245,2716,5313,32487,6363,5518,7947,26152,16177,46062,26469,NA,60154,11933,83998,47427,6662,11503,12220,15337,8217,NA,10179,5091,NA,736263,2613,29412,6989,311300,NA,24425,142464,5481,14413,19716,88332,9628,13081,8275,24082,396085,17939,NA,7569,31897,62647,65973,10430,3899,15365,NA,11145,166788,216157,15223,23318,8656,61739,19428,13019,7544,7995,7000,537396,NA,1409758,31775,10596,23143
"33",NA,80619,5080,77851,21540,11548,24756,60295,28151,NA,65385,NA,5911,65551,13268,53115,11532,23562,31128,1767296,182067,3588,9573,21966,35244,12658,14293,66083,20092,2009,14710,14460,10417,11506,22593,9460,4604,8497,13468,48105,36138,1691000,29899,23520,NA,11575,13937,31197,16788,7294,233521,35641,5040,7042,884667,17505,17175,8289,6397,18631,27657,26958,11415,1025965,42941,15029,184065,21555,318835,30038,177302,13792,2511,27623,13694,25787,566,13690,67850,41776,4839,15108,22220,48233,13880,NA,5944,2738,5307,32668,6388,5748,8100,26450,16797,46257,26491,NA,61075,11873,87792,47491,6345,12149,11909,14811,8323,NA,10368,5357,NA,752071,2584,30229,6901,338889,NA,24516,142389,5572,14639,19578,86854,9600,13070,7950,24019,347204,18141,NA,7614,31983,65257,67486,9682,3994,15435,NA,10957,168068,212045,14992,22734,8677,63161,19648,12937,7604,8368,6795,533274,NA,1387909,36566,8741,23381
"34",NA,80297,5291,78360,20737,11496,24064,60663,28641,NA,59027,NA,5963,66011,13405,55349,11559,30057,31336,1588409,183574,3593,9497,22118,34618,12805,13369,67254,19287,1839,14986,13321,9961,11648,22464,9007,4512,8768,13563,44133,37768,1677000,30056,23910,NA,11700,9167,31213,17108,7344,220569,37937,5283,7047,824205,17881,17352,8881,6233,17251,26947,25111,10760,1004477,44995,15056,183283,21745,311115,30231,162656,14361,2386,32052,13521,27227,559,13354,66544,42252,4847,15165,22417,47616,13508,NA,5559,2856,5354,40632,6190,5647,8309,26474,18680,45146,26572,NA,60632,11391,91703,47860,5827,12082,12684,14409,8426,NA,10349,5557,NA,773932,2490,30361,6868,390108,NA,23676,136042,5638,14900,19458,89018,9843,13288,7713,23961,306602,17930,NA,7619,32309,66731,69484,9516,4069,15416,NA,11022,170138,195062,17667,22075,8433,62863,19977,11352,7596,8857,6641,546017,NA,1263442,36818,6938,23393
"35",NA,80951,5771,89365,20749,10033,23550,60061,32999,NA,53690,NA,6076,66383,13511,56963,10819,30347,32203,1706818,219760,3543,9569,22004,33912,12950,13103,69953,18663,1727,15197,13550,8917,11807,22294,8579,4744,9072,13191,44478,38570,1634000,36678,24181,NA,11020,9135,30434,17328,7364,194455,38908,5412,7529,782680,18098,17376,10293,6583,16554,23238,19874,10217,1012335,47015,13170,171236,21941,258262,30592,155224,14837,2251,32118,12796,27718,546,13281,65493,42941,4636,15372,22521,48143,14606,NA,5486,2993,5292,39786,6247,5723,8497,26746,19493,43479,26022,NA,61631,11639,95275,48045,6491,12377,18069,13886,8530,NA,10243,5622,NA,789981,2427,30552,6784,438182,NA,23914,80005,5786,15188,19270,90972,9696,13397,7527,23935,310457,17984,NA,7679,32755,68189,99002,6535,4119,15737,NA,11134,172606,200763,17636,21719,8056,62683,19682,12023,7704,13165,6542,559332,NA,1188282,34358,3859,23596
"36",NA,80600,5848,89494,17660,8798,23061,49234,34272,NA,51521,NA,6266,64745,13672,58703,11502,30305,31810,1670878,167195,3563,9623,22300,32580,12912,12871,71450,17969,1578,15340,17765,7789,12067,21462,7436,4223,9024,12071,43418,23396,1576000,37240,23900,NA,12512,9271,30675,17039,7589,291825,38096,5285,7561,760181,18215,18093,10848,5470,15854,24500,22366,10276,1066570,49120,11336,151660,22086,223700,30719,153432,15511,2166,32227,15826,28526,1035,13036,64363,43521,4495,15603,22526,47808,14856,NA,5403,2942,5318,34251,6112,5813,7959,26797,21203,57123,25608,NA,62723,11638,99179,49259,6224,12787,17171,9897,8697,NA,10223,5918,NA,810417,2404,39472,6694,359494,NA,23178,89477,6027,15225,19175,91938,9763,13683,7995,22732,299479,17040,NA,7740,32685,68797,85303,4277,4241,15993,NA,10598,176965,261349,17470,19780,7999,62278,20178,12021,7726,12584,4594,571379,NA,1762536,34529,3770,23576
"37",NA,80800,5845,89537,17195,8170,23174,49783,34864,NA,54446,NA,6338,64950,13843,60281,11628,30559,32394,1538059,167879,3590,9689,22403,31740,13324,12893,73386,18151,1509,15607,17763,7984,12222,20600,7373,4303,9333,12213,44237,24049,1567000,38024,24208,NA,11985,9320,30500,17065,8012,281169,40437,5203,7644,714506,18287,18248,11003,5707,15483,23920,20490,12008,1106574,50998,11346,185571,22421,174741,30635,152948,15956,2086,32343,15992,29393,1010,12052,63737,44077,4186,15729,22756,47562,14996,NA,5506,2958,5298,33598,6057,5337,7813,27134,21946,55487,25608,NA,62278,12126,102872,49463,4143,13560,17300,9799,8392,NA,10240,6245,NA,823115,2399,39896,6554,471698,NA,28952,92937,6141,15230,19253,94555,9714,13918,8075,22495,284771,17330,NA,7830,32946,70954,84182,4138,4305,16224,NA,10737,182385,264812,17439,19245,8096,60440,21057,12241,7832,12575,4521,614375,NA,1793445,33249,5816,24141
"38",NA,82446,6988,89637,16526,8438,23003,50823,34799,NA,51872,NA,6446,57492,13915,60423,11928,30863,33523,1449269,167540,3644,9770,22740,32145,13818,12954,74677,18365,1472,15861,17849,8026,12393,19585,9890,4464,9489,13270,85096,23584,2067000,37075,24488,NA,12010,9448,30954,18332,8152,221320,40368,5161,7674,840311,18404,18354,11437,5638,15573,24497,20154,12036,1115737,53156,9083,185213,22730,148300,31212,394075,16325,2052,32489,16161,30333,961,12202,63068,45455,3993,15603,22949,46880,15075,NA,5912,2989,5233,33862,5287,5376,7998,26913,22461,66580,25605,NA,62685,12504,105367,49608,7549,13654,17321,11193,8671,NA,8603,6547,NA,849145,2419,40390,6045,673927,NA,29166,163695,6328,14843,19504,96597,9829,14077,7759,22559,258215,17594,NA,7864,31729,73658,90474,5029,4391,18119,NA,10966,185989,272588,17499,18198,8113,58410,20188,12434,7950,12481,4414,617886,NA,1811880,32004,7884,24030
"39",NA,83997,7784,90441,17272,9039,20697,54030,33486,131472,44422,NA,6604,55758,14175,62152,12201,30972,33312,1373624,162392,3683,9846,23005,33074,14564,13028,77815,18694,1404,16110,18087,7914,12650,19132,9840,4763,9736,15329,86075,24418,2036000,41117,24938,NA,10938,10718,31157,17477,8172,239244,40140,4957,7711,1073998,18506,18538,11774,5470,15724,24558,18120,12235,1149397,55043,8797,191485,23119,245277,31391,434929,16744,1995,32529,16187,39738,926,11800,62736,46345,3888,15795,23116,46466,14893,NA,5961,3117,5342,30985,5273,5509,8187,27587,22942,67614,25646,NA,63499,12663,105917,50594,6978,14081,17652,12781,8935,NA,8487,6807,NA,873720,2434,40687,6139,671522,NA,38637,158325,6636,14856,19871,98093,9776,14338,8369,24126,227405,17546,NA,7944,33138,75540,94583,5052,4402,18418,NA,11166,196099,279152,17490,17883,8322,53865,20671,12596,8045,12503,4423,698611,NA,1882186,32680,8758,21895
"40",NA,84945,8481,100378,17997,8188,19287,37992,26586,131143,56342,NA,6730,51794,14404,59752,12555,31213,32990,1168524,139655,3701,9982,22699,33011,14469,12981,79770,19974,1181,16293,18246,7084,12974,13706,10700,4515,9698,16007,86420,23949,2029000,40809,25216,NA,12013,9977,30525,15613,8177,236363,38790,5170,7755,1159216,18465,19963,12251,4909,15662,24755,17266,12253,1182032,51869,8297,197459,23671,251111,30876,457888,17570,2018,32347,16651,42570,959,10036,62265,47123,3508,15743,23154,46940,15295,NA,7462,3153,5707,31775,4973,5491,7731,27833,23988,67312,25747,NA,61981,11781,107340,50993,6113,14623,16872,13446,9175,NA,8334,7000,NA,889247,2469,33830,5691,665953,NA,39239,147541,6531,15556,21163,122362,9249,14570,7400,23933,185296,13829,NA,8018,32875,77376,90128,5584,4303,18742,NA,9343,191545,285128,17360,17473,8483,42177,21772,12935,8092,12702,4217,679765,NA,1859103,33856,7730,19139
"41",NA,85191,8764,100605,17767,8828,19498,39700,27715,133814,54994,NA,6672,51141,14589,61405,13249,31575,36584,1163022,123403,3664,10118,22448,33201,14514,13392,83621,27550,1203,16484,18488,8135,13135,13262,10787,4381,9986,16049,87060,24892,2107000,41184,36034,NA,11572,10057,30576,14823,8158,243416,39197,5150,7847,1180140,35643,20187,12176,4757,15896,24925,18598,12417,1186421,53654,8231,200770,23974,263285,31372,477648,17939,2031,32623,16862,44539,991,10645,62829,48212,5901,15738,23394,47932,15493,NA,7353,3167,5540,30256,6328,5494,8071,28410,25230,67021,24917,NA,62803,11896,110711,50586,5744,15264,17087,17317,9227,NA,8278,6948,NA,914943,2475,33498,5433,649150,NA,39445,148707,6674,15856,21469,120894,9201,14811,7731,24132,187503,19105,NA,8134,32763,79434,86444,5705,4385,19085,NA,9583,195287,290690,17372,16279,8607,40063,22536,13026,8033,12752,4249,669645,NA,1855481,34183,7514,19250
"42",NA,86496,9274,100619,15443,9053,19301,37788,31955,127872,59028,NA,6650,51437,14842,59917,13887,31718,36869,1151501,99358,3637,10176,22634,33530,14070,14046,86672,30343,1200,16714,18568,8659,13432,13005,10898,4296,10169,15847,88000,26289,2108000,40970,37679,NA,10384,10135,30855,14376,8186,245531,40637,5083,7978,1180770,36058,20274,12334,4311,16235,25225,20648,12432,1229980,51870,7123,203360,24274,274785,32599,501735,18174,2059,32929,23361,44855,1024,11103,63630,49302,5612,16068,23634,45281,15035,NA,7352,2938,5537,29196,6540,5539,8316,28665,27502,67193,24746,NA,62902,12246,114165,50580,3090,15052,17051,18786,10003,NA,7972,7385,NA,932339,2490,29199,5314,673413,NA,40128,150506,7073,16189,21696,121439,9496,15082,9687,24344,161114,18493,NA,8149,32906,82072,86496,5623,4440,19251,NA,9459,200924,295685,17422,16640,8810,40480,24032,13488,8135,12904,4286,688162,NA,1916668,35233,7209,19066
"43",NA,86791,9551,94201,15455,9198,19380,37923,32413,131947,60361,NA,6816,53173,15104,61565,14446,31866,37204,1130564,71112,3630,10254,27779,33698,14250,14471,87522,30716,1242,16900,18726,8864,13742,11832,12090,4093,10373,16012,88810,28612,2187000,41226,41192,NA,9825,9897,30704,13888,8304,245841,40875,5211,8067,1187670,35632,20553,12517,3947,15789,25473,20511,12553,1260288,53636,6378,206255,24602,280107,33540,507181,17651,2215,33254,23714,58366,1212,11063,63108,50628,5813,16160,24025,45983,14750,NA,7364,2935,5601,27909,6644,5766,8666,29140,28507,69801,24780,NA,63851,12711,118240,50968,3303,15214,16825,19080,10093,NA,8040,7655,NA,946353,2522,25113,5086,629253,NA,40949,156803,7514,16516,22031,123028,9970,15269,10051,24366,163305,17710,NA,8249,32616,111129,88140,7120,4484,19589,NA,8998,208242,305302,16876,16909,9061,39726,23646,13960,8186,13199,4314,703592,NA,1987691,35928,7929,19808
"44",NA,86669,10028,95000,14625,8837,19619,37841,33462,125469,61087,NA,6948,54843,15376,63462,14734,31884,37328,1553375,60456,3668,10346,28184,34537,12294,14532,85513,31907,1285,17114,18884,8471,14192,7022,12228,4729,10134,16108,89874,29230,2178000,40214,41673,NA,9635,8823,30879,13629,8267,267605,41338,5266,8013,1182642,36414,21977,12815,3163,14073,25820,20360,12849,1289748,56336,4997,210172,25204,337308,33275,530214,17753,2175,33173,24938,61303,1244,9998,64763,51467,5873,16401,24207,48661,15081,NA,7072,3647,5893,28295,6709,5545,7789,29372,30165,72115,24926,NA,64644,12427,117707,51354,1335,15320,14772,19233,10398,NA,7969,7900,NA,964128,2517,21379,4888,616590,NA,43047,160834,6762,16874,23377,124251,10157,15055,10264,24664,174136,17698,NA,8319,31333,111017,85441,6920,4339,19996,30961,8040,215168,665855,15099,17608,9275,38892,25121,22347,8278,13290,4140,700076,NA,2061895,35590,8908,20258
"45",12800,87458,10464,94759,14834,8972,22745,38420,34219,123861,62940,2309,6991,57463,15591,64716,15430,32031,37818,1542775,56865,3710,10389,28513,35462,12694,15806,85793,32185,1389,17330,19106,8377,14441,6250,12575,4640,10343,16173,90813,30069,2227000,40491,44819,39496,9741,7933,30233,13449,8368,269628,41592,5337,8174,1190252,35802,22134,12863,2970,13968,25800,20277,12582,1320666,57746,4413,214895,25554,346153,33781,553045,18200,2210,33543,25339,63441,1281,11473,65822,53149,5891,16326,24504,50319,15178,30915,7120,3657,5617,27740,6690,5501,8112,29891,43169,72058,25123,18818,65448,12494,122369,50905,662,15990,15036,21446,10555,44500,7845,8114,86684,979271,2480,32113,4715,628947,13925,42820,168688,6945,17245,24102,124380,10060,15223,10025,29926,183083,20564,62947,8442,31171,114867,86723,6755,4447,19799,31442,8488,219597,695618,14706,17760,10232,43252,26470,23115,8360,13450,4186,713552,13522,1887484,34593,8798,20378
"46",11749,90519,10692,99894,15097,9288,22918,39428,35300,118950,65832,2323,7101,60712,15836,66538,15967,32266,38292,1555236,52141,3838,10549,28400,33970,12987,16406,86816,32449,1447,17594,19338,8206,14756,6325,12641,4975,10481,16267,91981,31045,2168000,40468,47344,38410,9274,7018,31029,14149,8344,275634,39581,5390,8221,1199086,35231,22397,13046,2843,12601,26086,22508,12548,1328605,59274,3569,219328,25922,374540,34733,566059,18691,2243,33600,25725,66890,1307,13227,87236,55430,5920,16430,24796,52010,18857,30294,7241,3698,5705,26561,6755,4544,8410,29312,46071,73630,25326,18889,66328,12499,125396,51809,406,15855,16355,22861,10711,38444,7785,8497,88233,979270,2497,32111,4522,643364,14135,65124,170859,7284,17535,24756,122719,10270,15318,10454,30196,195622,20734,62672,8496,31435,120365,89109,6540,4487,19947,33478,8615,223834,625410,14823,18167,10615,43406,27911,19832,8382,13629,4749,721887,10603,1891919,37270,8685,20177
"47",11361,91340,11238,105013,15634,9465,22874,39222,36106,114372,67468,2322,7293,64255,16086,68065,16860,32454,39368,1575653,52403,3887,10714,28873,34152,12940,16915,88361,32580,1513,17791,19478,7544,15080,5543,12788,4885,10654,16818,93121,31444,2257000,40930,49726,38125,9357,6984,31594,13827,8205,277601,38990,5506,8196,1205931,33730,22631,13206,2767,12564,26535,22410,15287,1354980,60582,2701,223387,26171,392687,35030,580728,18899,2312,33553,26283,72308,1324,15673,89473,58415,5957,16427,25099,53875,19759,30731,7189,3716,5501,25075,6849,5322,8735,29862,48188,74932,31608,19056,67948,12505,128960,52601,4909,16220,16631,23555,11024,38664,7698,8767,89415,1002443,4552,31481,4146,660839,14128,65043,175413,7526,17879,25848,124951,10429,15535,10615,30404,205036,20891,63246,8564,32373,123659,94819,6311,3954,20129,33200,8808,228035,647615,14875,18732,10926,43979,28300,20353,8366,13742,4812,731778,10855,1970097,38143,8404,20395
"48",9982,92066,11862,106476,16365,8216,22028,38678,36815,108056,69304,2284,7663,68109,16304,59200,17779,32483,40047,1593225,50490,3920,10863,29109,34604,12934,17537,90290,33177,1571,17979,19873,7669,15434,5070,13071,5276,10525,17114,92075,33236,2288000,41121,50409,38072,9842,6702,31553,13906,8449,275566,38823,5626,7517,1221893,40069,23634,13798,2602,8934,28291,22504,15650,1259005,52967,1916,228524,26562,405801,35917,619448,19526,2336,34023,32630,75507,1376,16079,92543,53728,5961,16649,24385,56168,20145,26264,7083,3747,5374,22289,6842,5702,7819,30311,49242,77528,32186,19320,69115,12651,123361,51298,3678,16277,16906,24479,10512,39301,7671,8982,89743,892888,4571,31859,4070,604997,14479,63545,179245,8851,18189,26815,126523,9570,15540,10606,30684,218092,21171,64428,8641,32526,122094,90080,6071,3948,20240,32936,8383,231732,667725,12561,19479,11169,44792,29664,21123,8305,13898,4963,746837,8649,2046477,35920,8323,20352
"49",9299,92794,12066,109433,17773,8179,22221,45562,37168,98135,72594,2264,7708,69256,16475,60818,18626,32623,41512,1525280,50629,3981,11018,29452,33297,12999,17474,93935,33500,1606,18188,20132,7824,15679,4935,13353,5246,10682,17319,93955,35102,2128000,41551,52841,37732,9876,6588,32119,14074,8491,276297,39224,5684,7653,1237554,40659,24124,13752,3421,8705,28652,22616,15911,1289967,54198,1479,231288,26829,393015,36798,632568,19824,2380,34192,37663,77116,1379,19181,96657,56611,5979,16972,24599,59118,20443,26629,6907,3757,5445,20019,6758,5529,7890,30228,50533,78989,32468,19278,70396,12371,126820,50950,2734,16763,17158,25730,10878,38925,7587,9049,90817,915062,4584,32098,3822,630499,14699,63926,183864,9044,18529,27847,127929,9589,15296,10756,30928,227417,21447,65526,8713,33083,125349,86504,5825,4051,20437,32674,8524,235931,698992,12452,19561,11562,45525,30364,22168,8400,14129,5033,761778,9720,1805659,37875,8161,18791
"50",8212,94138,12471,110495,19669,8256,23567,45650,37874,108264,75965,2287,7790,70431,16647,62439,20200,32449,41600,1407579,48801,4039,11124,30145,33776,13491,18180,96140,33843,1642,18420,20350,7795,15897,4362,13617,5215,10818,17385,94382,35889,2071000,40293,55280,37229,9745,6322,33075,14299,8638,278604,37722,5997,7777,1266738,44337,24312,13984,3505,8291,29093,22826,16128,1315980,55632,1060,238730,27170,349792,37216,605191,20293,2519,34370,32577,79903,1466,21227,102089,55743,6004,17390,24836,65523,20698,27063,6751,3766,5680,17742,6690,5527,8182,30267,46080,79514,32797,19733,71840,12438,130339,48864,3687,16549,17408,26433,11131,38821,7497,9366,91393,921992,4602,32284,3904,641044,14859,67972,190593,9280,18774,38880,128545,9834,15311,10988,31192,230381,22020,66250,8746,34468,128734,90190,5676,4130,20476,32749,8686,239465,719493,11989,19988,11921,46741,37181,22200,8328,14295,5057,769734,16126,1886250,39204,7922,18848
"51",7172,95876,12913,116019,19925,7782,23851,45142,38379,105742,87032,2265,8062,70933,16815,63931,21336,32617,42201,1428630,48604,4089,11156,30964,34089,14001,19449,98091,34098,1597,18551,20661,7820,15691,4007,13932,5137,10951,17515,95011,36939,2130000,40791,57577,38004,9634,6037,33447,14575,8727,280379,54414,6149,7861,1289884,42753,24538,14181,3505,7131,29340,22910,16468,1218796,56900,7858,243437,27673,363527,37501,623881,20780,2663,34552,33031,81200,1566,21373,106767,58524,6958,17599,25050,60799,20826,27152,6793,3758,5563,16203,6879,5588,8431,30740,49621,80986,33060,19834,73109,13133,133886,50059,3088,16729,18440,27648,11398,39441,7272,9791,91191,949032,4658,32751,3616,659221,14638,77436,197252,9231,19154,39580,118999,9736,15252,10938,31487,250584,22770,66936,8813,34342,131728,91980,5558,4203,20572,33670,8864,243768,718084,11894,20270,11655,47935,38593,22986,8328,14459,5131,777746,14755,1967071,40757,7847,19419
"52",7086,95506,13166,117788,19880,7959,24218,51956,38990,102851,78393,2280,8302,70778,16946,63491,22021,32910,43848,1447262,47039,4151,11193,31771,33813,14324,21272,98138,34630,1562,18793,23296,7916,16415,3634,13825,5405,10826,18190,95589,36333,2381000,41441,58362,37892,9803,5699,34200,15265,8839,273745,48213,6050,7938,1331472,44529,25891,14367,3358,6758,29843,23618,16735,1244479,56459,5970,247678,28069,378295,39047,648871,21253,2769,34591,33416,81417,1497,20126,109266,60863,8084,17836,25992,63593,20238,27382,7104,3690,5684,14526,6906,4889,7455,30999,51468,82837,33848,20259,74375,13011,138467,49535,5535,16986,18518,28473,11682,39607,7128,9950,92343,969731,4664,32482,3525,688349,14808,78736,206617,9017,19473,40624,116419,9782,15360,10415,31819,259118,23082,67152,8856,33211,129936,92875,5265,4238,20686,34035,8990,247397,739416,11526,20486,11652,51006,39201,23616,7866,15114,4906,813661,12659,2041895,43050,9831,20057
"53",6842,NA,13328,NA,20124,8019,24662,NA,40111,96449,81542,2271,8556,71418,17018,65315,22949,33469,45069,NA,NA,4240,11084,31188,34712,14350,21672,NA,34943,1565,18884,23665,8034,16632,3664,13690,5340,11028,18391,95991,37270,NA,41332,61000,37478,9955,5272,35616,15768,8842,281453,47247,6001,7992,1370652,44889,26177,14213,3009,14199,30416,23944,16875,NA,58097,13865,251074,28367,391593,38704,646258,21910,2860,34906,44136,82703,1786,23472,112167,63969,8768,17727,26230,67253,20244,27603,6992,3757,5799,12987,7058,4644,7749,31640,52627,84333,34089,20581,77573,13154,142764,54298,5041,17661,18821,29920,11858,39778,6349,9908,92781,1004819,4668,NA,3276,715591,NA,NA,213405,9395,19826,42418,119269,10040,15573,10280,32144,272585,24841,65949,9002,33285,132916,88598,5115,4283,20946,35387,9129,250785,748887,11464,20622,12716,NA,40786,24531,7954,15311,4939,820393,11266,NA,43771,12518,18851
"54",6444,NA,13686,NA,20413,8236,24900,NA,41194,92963,77934,2263,8695,71871,17182,65238,24466,34288,46201,NA,NA,4302,11168,32207,35655,14511,22425,NA,34977,1584,18461,24105,8194,16984,18691,13835,5275,11191,18602,97383,37330,NA,41970,63212,36686,9825,9051,42433,16493,8897,287488,42703,5971,8102,1176066,45053,26405,14461,2973,13564,30820,24500,22687,NA,58125,13546,256456,28694,404914,39041,661147,22377,2819,35438,44999,88988,2070,27818,125009,66380,8866,18101,26483,69944,20325,28034,6882,4318,5756,11382,7570,4613,7963,31897,52320,86088,34311,20881,78976,13470,141615,53927,5794,17369,19086,62227,12141,40332,6334,10284,93973,1035787,4715,NA,3075,722604,NA,NA,220547,9586,20132,43049,119233,10127,15975,10290,32454,284347,25096,66381,9000,33807,136162,93146,4977,4331,21526,35682,9254,254737,769308,11277,20519,13152,NA,41939,24757,8022,16122,5266,832682,9189,NA,44625,12223,18963
"55",5584,NA,14034,NA,19878,8554,25068,NA,41794,76021,81688,2262,10053,72374,17342,65519,25978,34811,47535,NA,NA,4388,11271,32972,36697,14738,23125,NA,35513,1584,18544,24466,8375,17470,18721,14056,5448,11331,18882,98052,36954,NA,42512,66343,36333,9981,8881,39768,17117,8974,292907,39321,5951,8212,1191404,45359,26669,13823,2899,13647,31726,24979,22956,NA,58172,13229,260146,29139,442373,40614,675571,22860,2944,35415,49690,91480,2318,28758,127803,69520,8962,18342,26634,73254,20639,28431,6854,4325,5749,9457,7650,4548,8200,32479,54221,98143,34976,21209,80362,13759,142241,53682,5578,17453,20031,63743,12438,40698,6133,10649,94469,1046190,4764,NA,2894,738480,NA,NA,226441,9738,20494,44314,118833,10296,16397,10429,32828,293234,25674,66688,9057,34108,139367,99509,5229,4400,22598,36606,9366,227457,783887,11402,20788,13537,NA,43540,25673,8173,16522,5575,842458,9639,NA,45431,11837,18805
"56",4655,NA,14271,NA,19718,8953,25992,NA,43111,65547,84181,2257,10391,72301,17485,67347,27223,34479,48933,NA,NA,4431,11386,33998,37225,15417,23651,NA,35969,1570,18633,24663,8624,17885,17585,14339,5443,11085,19390,99696,35046,NA,43201,69639,33673,9785,8626,41006,18002,9096,295921,34633,5950,8202,1182899,44721,27997,14063,3067,15039,31949,27132,23412,NA,60035,12462,263136,29453,431971,40540,685054,23262,3023,36112,55493,93380,2664,29992,131123,72444,9338,18725,26902,75854,20835,28687,6977,3966,5908,7293,8504,4427,7688,32709,56645,99797,35559,21420,81997,14136,145584,53089,5882,17525,20192,65063,12706,41155,5718,11144,95024,1071360,4744,NA,3146,746177,NA,NA,232955,9895,20688,45159,117367,10304,16759,10588,33273,292584,22868,66732,9078,32876,138026,138497,6658,4325,23223,39773,9551,230731,800013,10496,21506,13869,NA,43933,26439,8269,17017,6068,843451,9142,NA,45654,11594,19300
"57",4389,106111,14556,136677,21066,10134,25630,51521,43360,61832,86088,2347,10516,72702,17594,70072,28057,36520,50085,1676525,78289,4467,11452,34634,35327,15961,24193,107033,36329,1764,18748,24880,8788,18461,17826,14026,5358,11246,19852,105397,39985,3191000,47395,72154,33590,9886,8538,42244,18287,9249,323080,33110,5858,8267,1144656,45906,28729,13519,2923,15503,32361,27828,24063,1392979,61657,11862,281017,29750,423737,42903,722429,23374,3110,36550,58173,95610,2960,32551,134715,75795,9617,18905,26767,80481,21058,27996,7061,4338,5848,5488,8630,4126,7940,33301,58934,103610,36223,22669,83830,14575,149246,55091,5765,18215,20346,66046,12960,42508,5643,11500,95753,1100717,4723,32951,3146,745444,15307,87892,237271,10181,23269,46105,117057,10393,17240,10503,34917,321247,24036,67244,9128,34271,141929,138999,6553,4362,23902,41249,9652,232865,817755,11112,23161,16835,57732,45312,27757,8358,17389,6366,886920,7245,2459445,49735,11344,21535
"58",3491,107886,14839,139851,21179,10010,26254,54212,43876,55216,89705,2235,10674,72880,17736,71799,29797,36915,50835,1642643,78396,4382,11497,35446,36855,16064,24517,109480,36921,1667,18985,25405,9035,18965,18216,14216,5256,11444,20113,106167,39211,3240000,47267,74811,30549,9731,8154,44128,18610,9381,328884,31022,6002,8353,1160003,45875,28784,13954,3250,20017,32888,28193,24553,1418112,63192,11301,287276,30044,434642,44219,765129,23795,3111,36657,87172,106485,3230,36303,137852,79292,9993,19206,27538,83843,21815,27972,6884,4312,5796,4038,8436,4024,8152,32817,61177,105088,36968,23037,85770,14562,153439,55220,5866,17975,20844,67960,12594,42929,5581,11903,96700,1114148,4797,32700,3040,742098,15438,88192,244512,10281,23491,47081,117280,10564,17518,10641,35523,325376,33143,67645,9134,34647,145249,139001,6503,4428,24388,42578,9790,236821,833935,11075,23473,18048,60093,46903,28575,8423,17460,6821,896877,6885,2565038,50118,11130,21247
"59",3500,112800,15275,142746,21263,10183,27131,55329,44772,49466,93364,2215,10988,73878,17871,71316,31630,37218,51558,1661709,79465,4496,11596,31102,38073,16439,25065,108492,37363,1600,19118,25950,9327,19471,18559,14440,5453,11593,20248,107046,38377,3301000,47833,79070,28568,9655,7945,45906,18374,9484,335642,28883,5978,8889,1180072,47176,28953,14406,3116,20539,33453,29802,26130,1426898,62204,11157,293596,30410,443364,45222,774648,23824,3109,36222,90677,108310,3591,37351,141030,82775,10313,19515,27885,87043,22310,28249,6892,4300,5757,19168,8715,3943,8375,34091,63134,106927,37863,25057,87542,14586,150550,55093,5876,18371,20740,69650,12921,44566,5584,12288,97198,1124653,4843,32101,2826,746922,15443,89162,251662,10613,23932,48077,118205,10547,17733,10745,36019,333679,33652,67702,9173,35073,149062,140133,7152,4509,24788,43716,9929,240172,851159,10831,23622,18597,59524,48930,29602,9529,17541,7052,905018,6301,2650325,50551,10891,21096
"60",2663,115185,17686,146686,21345,10242,27946,55499,44812,44714,96470,2133,11456,73245,17990,72882,32717,37149,49641,1685656,79592,3952,11657,32793,39411,16307,30385,111095,37806,1175,19192,26202,9697,20141,18708,14588,5495,11341,20641,108530,38977,3339000,48404,79309,41101,10144,7858,47467,19286,9603,341006,25971,5377,8924,908723,47142,29690,14726,4339,21413,33936,30850,26815,1443158,66153,11310,299596,30690,454634,44989,785502,24215,3112,36464,92746,108872,4061,37972,145271,86618,11100,19707,28115,89769,22797,28869,7086,3861,5730,17458,8839,4076,7882,34263,64127,109353,45062,25177,89229,14585,154141,54479,5776,18552,19686,71549,13340,45234,5480,12656,97764,1151812,4899,31664,2680,751887,15519,90241,258134,11244,24356,49380,114455,10482,17670,11069,36455,332806,38782,67075,9186,35842,147811,111509,7801,4535,25506,46028,10652,243583,866651,12973,23841,19217,59556,48940,30444,9699,17548,7173,917056,7598,2754201,50244,10641,20687
"61",2049,117326,18127,149825,21473,10779,28472,55985,45273,36441,99480,2153,11805,73469,18066,74030,33528,36666,50383,1706771,78773,4059,11790,33519,40222,16392,30880,113263,38183,1155,19374,26605,9973,20582,19546,14531,5447,10355,20819,108951,38814,3362000,46610,83858,40439,10146,7925,49332,18979,9484,347715,54466,5783,8993,917659,47000,29884,14246,4733,18872,34291,31349,27594,1431812,67558,10586,306175,30956,468926,46216,797528,24542,3187,36763,94483,97249,4393,38003,161695,90780,11474,19990,28491,93186,22324,29797,7176,3811,5824,15895,9086,4007,8116,34632,66779,111611,45961,25276,90882,14634,157822,54311,6778,19476,19778,74049,13527,45509,5493,12867,98567,1159237,5006,31624,2444,757828,15576,90899,267489,11452,24731,50395,113939,10757,17927,11499,37074,341183,39369,66466,9229,36424,154089,125378,7915,4744,24544,46751,10852,247103,882569,12674,24164,19620,60682,51134,31723,9819,17625,7515,848872,7405,2762511,50993,10370,20652
"62",10701,120003,18491,152440,21497,11253,29232,57808,44173,34202,102969,2200,11985,75018,18189,75027,35292,36763,51316,1704423,79855,4146,11865,34377,41483,16601,31850,115886,38522,1006,19552,27110,10473,21043,20127,14838,5373,10427,20986,109616,39507,3443000,47542,87140,40786,10070,7998,51256,19443,9614,355816,53016,5911,9002,958971,46892,29999,14734,4212,19451,34813,31898,29435,1443353,68457,11239,314996,31263,479578,48406,787270,24961,2786,37140,96816,102036,4637,36381,167598,94867,11891,20244,28804,96656,21441,29509,7182,3755,6365,14690,9356,4090,8240,34878,65294,113706,45589,25842,93081,14611,161300,54428,6930,19137,19927,76116,13945,46226,5507,13439,98685,1174148,5139,31913,2754,769424,15711,92418,275350,11487,25049,51861,114338,10535,18186,12489,37678,351360,47585,67097,9288,75529,156849,118766,7940,4770,25225,47284,11101,239734,889245,13555,24611,20484,62507,53241,32144,10100,17605,7963,855487,6806,2865172,50783,14550,20230
"63",9706,122671,19047,156693,21481,11431,30168,61065,45019,32239,121136,2083,12341,76928,18329,72068,36117,33059,51368,1730264,80589,3947,11986,35590,43396,16830,32046,119482,38847,871,19706,27752,11170,21531,20676,15101,5314,10508,21189,110375,40032,3477000,48405,90250,41847,10214,8165,52998,19430,9808,363640,51429,6003,8993,977356,47162,30098,15135,4189,24344,39372,33083,30079,1479539,65427,12092,325862,31512,493411,51353,796321,25431,2744,37443,99569,106170,4869,36691,173941,98944,12297,20564,29106,98724,21361,29594,7835,3651,6874,13626,9492,4267,8426,35476,69456,115782,46462,26028,95004,14461,155125,54715,7181,19368,19315,78409,14171,51657,5625,14014,98989,1173250,5235,32743,2602,783152,15800,94421,284277,11732,25329,53168,115596,10435,18548,12395,38217,362592,50593,67145,9319,76269,159730,128658,8068,4796,25842,47537,11316,243345,1448934,12618,25224,21169,63338,54514,34650,10105,17563,8832,862568,7899,2981480,51130,14154,20058
"64",7739,130462,20186,163829,21564,11728,30590,60814,45317,36159,125634,1972,12769,79076,18444,73765,37850,20591,49950,1757642,81742,3933,12094,36456,44967,17305,31915,120158,39631,609,19849,28014,11661,21962,20850,15637,5294,10793,21745,111588,39520,3437000,43752,91214,37711,10352,8477,54592,19377,9910,370970,48847,6850,8988,999698,47478,31233,15745,5094,25027,39887,34724,30763,1515095,65989,11487,334626,31786,511146,53849,839139,25958,2755,33729,101836,109619,5282,36966,178645,103573,14056,20846,29295,102383,21522,29641,7688,3590,5860,13709,9586,4290,7850,35656,67517,118270,47387,26160,96806,14435,158533,54833,7482,19580,19276,81244,14454,51982,5789,14545,99240,1201527,5496,34762,2597,800544,15967,90715,294003,12007,25520,54512,116770,10189,18359,12794,39260,360791,52983,65897,9342,79571,157252,123811,8942,4764,26596,43954,11621,248574,1475228,11991,25736,21774,56453,54685,35582,8442,17451,8996,890477,7916,3095245,50995,13693,18809
"65",9225,131895,20942,168616,21803,11943,30871,70633,45940,36398,130020,1990,13226,80371,18563,75423,38617,20816,49615,1774783,83924,3997,12214,37083,46922,17514,36294,122013,40049,520,20021,28431,11803,22406,21514,15686,5255,10872,21969,112682,38071,3366000,44407,95197,38141,10424,8802,56280,19895,9956,382306,47590,6928,8984,1008732,47623,31347,15454,5049,44927,40410,35373,31184,1531412,66642,12026,342972,32006,615449,55014,849433,26544,2803,34331,103011,111896,6063,37712,185358,110506,14584,21097,29721,105918,20959,29272,7529,3643,5938,12627,9769,4418,8119,36222,69904,120339,48339,26377,99222,14393,161590,55309,7532,20335,18983,83669,14758,52163,5826,14581,99810,1073568,5600,35565,2976,806973,16097,91499,290627,12254,25855,56128,119523,10216,18600,12136,39760,371337,54487,63156,9567,84588,161258,150557,9006,4769,27048,46793,11818,245041,1494353,12001,26284,22591,57759,56801,37141,8686,17341,10023,897980,7621,3180695,51418,19356,20129
"66",11258,134226,21440,171950,22037,12072,32209,72188,46775,37099,134543,2066,12660,82364,18708,77109,40340,20839,50250,1808647,86070,4027,12365,38029,48534,17835,37337,125388,40596,8468,20208,29029,12100,22687,22654,16021,5213,10928,22115,113956,37880,3462000,44274,98702,37825,10463,9040,57987,20163,10000,393632,47202,7030,9020,1029844,47792,31486,15512,4981,46061,41086,36383,31857,1586124,67546,13043,352622,32245,624633,56615,855188,27154,2792,34599,104142,130001,6737,38944,194646,116667,15082,21395,30091,109742,21298,29521,10151,3677,6093,12067,10007,4377,8335,36505,67717,123000,49403,26445,101670,14434,165080,56146,7585,20179,18858,86473,15165,52363,5850,15005,100926,1105385,5726,36829,2925,831012,16165,92219,300687,12426,26125,57890,119213,10288,18900,12617,40029,385023,56189,62948,9580,86970,165384,164169,9140,4821,27494,47009,12483,248200,1514826,11811,27063,23359,58720,59030,35146,8641,17496,10214,905645,7661,3265959,51581,17200,21313
